customer_id,is_fraud,scenario,planted,planted_on,expected_risk_level,narrative
CUST-000579,1,structuring,1,2026-09-28,high,"0Daily sub-USD10k cash deposits aggregating above the CTR threshold, followed by a large branch cash withdrawal."
CUST-000404,1,structuring,1,2026-09-28,high,"0Daily sub-USD10k cash deposits aggregating above the CTR threshold, followed by a large branch cash withdrawal."
CUST-000182,1,structuring,1,2026-09-28,high,"0Daily sub-USD10k cash deposits aggregating above the CTR threshold, followed by a large branch cash withdrawal."
CUST-000048,1,structuring,1,2026-09-28,high,"0Daily sub-USD10k cash deposits aggregating above the CTR threshold, followed by a large branch cash withdrawal."
CUST-000451,1,structuring,1,2026-09-28,high,"0Daily sub-USD10k cash deposits aggregating above the CTR threshold, followed by a large branch cash withdrawal."
CUST-000538,1,structuring,1,2026-09-28,high,"0Daily sub-USD10k cash deposits aggregating above the CTR threshold, followed by a large branch cash withdrawal."
CUST-000004,1,structuring,1,2026-09-28,high,"0Daily sub-USD10k cash deposits aggregating above the CTR threshold, followed by a large branch cash withdrawal."
CUST-000364,1,account_takeover,1,2026-09-28,high,Dormant account wakes on an unseen device from an elevated-risk IP and immediately books large online card spend.
CUST-000302,1,account_takeover,1,2026-09-28,high,Dormant account wakes on an unseen device from an elevated-risk IP and immediately books large online card spend.
CUST-000042,1,account_takeover,1,2026-09-28,high,Dormant account wakes on an unseen device from an elevated-risk IP and immediately books large online card spend.
CUST-000565,1,account_takeover,1,2026-09-28,high,Dormant account wakes on an unseen device from an elevated-risk IP and immediately books large online card spend.
CUST-000499,1,account_takeover,1,2026-09-28,high,Dormant account wakes on an unseen device from an elevated-risk IP and immediately books large online card spend.
CUST-000591,1,account_takeover,1,2026-09-28,high,Dormant account wakes on an unseen device from an elevated-risk IP and immediately books large online card spend.
CUST-000355,1,account_takeover,1,2026-09-28,high,Dormant account wakes on an unseen device from an elevated-risk IP and immediately books large online card spend.
CUST-000107,1,account_takeover,1,2026-09-28,high,Dormant account wakes on an unseen device from an elevated-risk IP and immediately books large online card spend.
CUST-000207,1,geographic,1,2026-09-28,medium,Physical presence inconsistent with transaction geography: three or more jurisdictions inside 24 hours including an elevated-risk one.
CUST-000425,1,geographic,1,2026-09-28,medium,Physical presence inconsistent with transaction geography: three or more jurisdictions inside 24 hours including an elevated-risk one.
CUST-000563,1,geographic,1,2026-09-28,medium,Physical presence inconsistent with transaction geography: three or more jurisdictions inside 24 hours including an elevated-risk one.
CUST-000178,1,geographic,1,2026-09-28,medium,Physical presence inconsistent with transaction geography: three or more jurisdictions inside 24 hours including an elevated-risk one.
CUST-000082,1,geographic,1,2026-09-28,medium,Physical presence inconsistent with transaction geography: three or more jurisdictions inside 24 hours including an elevated-risk one.
CUST-000459,1,geographic,1,2026-09-28,medium,Physical presence inconsistent with transaction geography: three or more jurisdictions inside 24 hours including an elevated-risk one.
CUST-000340,1,geographic,1,2026-09-28,medium,Physical presence inconsistent with transaction geography: three or more jurisdictions inside 24 hours including an elevated-risk one.
CUST-000336,1,geographic,1,2026-09-28,medium,Physical presence inconsistent with transaction geography: three or more jurisdictions inside 24 hours including an elevated-risk one.
CUST-000266,1,geographic,1,2026-09-28,medium,Physical presence inconsistent with transaction geography: three or more jurisdictions inside 24 hours including an elevated-risk one.
CUST-000402,1,trade_based,1,2026-09-28,medium,Repeated round-value cross-border wires with no matching inbound trade settlement - classic invoice-mismatch / TBML pattern.
CUST-000210,1,trade_based,1,2026-09-28,medium,Repeated round-value cross-border wires with no matching inbound trade settlement - classic invoice-mismatch / TBML pattern.
CUST-000387,1,trade_based,1,2026-09-28,medium,Repeated round-value cross-border wires with no matching inbound trade settlement - classic invoice-mismatch / TBML pattern.
CUST-000473,1,trade_based,1,2026-09-28,medium,Repeated round-value cross-border wires with no matching inbound trade settlement - classic invoice-mismatch / TBML pattern.
CUST-000008,1,trade_based,1,2026-09-28,medium,Repeated round-value cross-border wires with no matching inbound trade settlement - classic invoice-mismatch / TBML pattern.
CUST-000113,1,mule_network,1,2026-09-28,medium,Receives inbound wires from many senders on a shared device and forwards funds onward within 24 hours - pass-through mule.
CUST-000556,1,mule_network,1,2026-09-28,medium,Receives inbound wires from many senders on a shared device and forwards funds onward within 24 hours - pass-through mule.
CUST-000054,1,mule_network,1,2026-09-28,medium,Receives inbound wires from many senders on a shared device and forwards funds onward within 24 hours - pass-through mule.
CUST-000432,1,mule_network,1,2026-09-28,medium,Receives inbound wires from many senders on a shared device and forwards funds onward within 24 hours - pass-through mule.
CUST-000542,1,mule_network,1,2026-09-28,medium,Receives inbound wires from many senders on a shared device and forwards funds onward within 24 hours - pass-through mule.
CUST-000026,1,mule_network,1,2026-09-28,medium,Receives inbound wires from many senders on a shared device and forwards funds onward within 24 hours - pass-through mule.
CUST-000103,1,mule_network,1,2026-09-28,medium,Receives inbound wires from many senders on a shared device and forwards funds onward within 24 hours - pass-through mule.
CUST-000428,1,mule_network,1,2026-09-28,medium,Receives inbound wires from many senders on a shared device and forwards funds onward within 24 hours - pass-through mule.
CUST-000162,1,mule_network,1,2026-09-28,medium,Receives inbound wires from many senders on a shared device and forwards funds onward within 24 hours - pass-through mule.
CUST-000344,1,mule_network,1,2026-09-28,medium,Receives inbound wires from many senders on a shared device and forwards funds onward within 24 hours - pass-through mule.
CUST-000010,1,mule_network,1,2026-09-28,medium,Receives inbound wires from many senders on a shared device and forwards funds onward within 24 hours - pass-through mule.
CUST-000024,1,mule_network,1,2026-09-28,medium,Receives inbound wires from many senders on a shared device and forwards funds onward within 24 hours - pass-through mule.
CUST-000009,1,mule_network,1,2026-09-28,high,Receives fan-in from 20+ senders and passes ~88% of the inflow onward within a day.
CUST-000132,0,benign_control,0,,low,"Control group: ordinary customer behaviour, no planted scenario."
CUST-000288,0,benign_control,0,,low,"Control group: ordinary customer behaviour, no planted scenario."
CUST-000216,0,benign_control,0,,low,"Control group: ordinary customer behaviour, no planted scenario."
CUST-000218,0,benign_control,0,,low,"Control group: ordinary customer behaviour, no planted scenario."
CUST-000441,0,benign_control,0,,low,"Control group: ordinary customer behaviour, no planted scenario."
CUST-000140,0,benign_control,0,,low,"Control group: ordinary customer behaviour, no planted scenario."
CUST-000077,0,benign_control,0,,low,"Control group: ordinary customer behaviour, no planted scenario."
CUST-000583,0,benign_control,0,,low,"Control group: ordinary customer behaviour, no planted scenario."
CUST-000544,0,benign_control,0,,low,"Control group: ordinary customer behaviour, no planted scenario."
CUST-000529,0,benign_control,0,,low,"Control group: ordinary customer behaviour, no planted scenario."
CUST-000329,0,benign_control,0,,low,"Control group: ordinary customer behaviour, no planted scenario."
CUST-000305,0,benign_control,0,,low,"Control group: ordinary customer behaviour, no planted scenario."
CUST-000475,0,benign_control,0,,low,"Control group: ordinary customer behaviour, no planted scenario."
CUST-000443,0,benign_control,0,,low,"Control group: ordinary customer behaviour, no planted scenario."
CUST-000509,0,benign_control,0,,low,"Control group: ordinary customer behaviour, no planted scenario."
CUST-000067,0,benign_control,0,,low,"Control group: ordinary customer behaviour, no planted scenario."
CUST-000376,0,benign_control,0,,low,"Control group: ordinary customer behaviour, no planted scenario."
CUST-000167,0,benign_control,0,,low,"Control group: ordinary customer behaviour, no planted scenario."
CUST-000204,0,benign_control,0,,low,"Control group: ordinary customer behaviour, no planted scenario."
CUST-000430,0,benign_control,0,,low,"Control group: ordinary customer behaviour, no planted scenario."
CUST-000002,0,benign_control,0,,low,"Control group: ordinary customer behaviour, no planted scenario."
CUST-000492,0,benign_control,0,,low,"Control group: ordinary customer behaviour, no planted scenario."
CUST-000399,0,benign_control,0,,low,"Control group: ordinary customer behaviour, no planted scenario."
CUST-000437,0,benign_control,0,,low,"Control group: ordinary customer behaviour, no planted scenario."
CUST-000254,0,benign_control,0,,low,"Control group: ordinary customer behaviour, no planted scenario."
CUST-000458,0,benign_control,0,,low,"Control group: ordinary customer behaviour, no planted scenario."
CUST-000452,0,benign_control,0,,low,"Control group: ordinary customer behaviour, no planted scenario."
CUST-000136,0,benign_control,0,,low,"Control group: ordinary customer behaviour, no planted scenario."
CUST-000092,0,benign_control,0,,low,"Control group: ordinary customer behaviour, no planted scenario."
CUST-000471,0,benign_control,0,,low,"Control group: ordinary customer behaviour, no planted scenario."
CUST-000277,0,benign_control,0,,low,"Control group: ordinary customer behaviour, no planted scenario."
CUST-000435,0,benign_control,0,,low,"Control group: ordinary customer behaviour, no planted scenario."
CUST-000105,0,benign_control,0,,low,"Control group: ordinary customer behaviour, no planted scenario."
CUST-000301,0,benign_control,0,,low,"Control group: ordinary customer behaviour, no planted scenario."
CUST-000056,0,benign_control,0,,low,"Control group: ordinary customer behaviour, no planted scenario."
CUST-000454,0,benign_control,0,,low,"Control group: ordinary customer behaviour, no planted scenario."
CUST-000187,0,benign_control,0,,low,"Control group: ordinary customer behaviour, no planted scenario."
CUST-000417,0,benign_control,0,,low,"Control group: ordinary customer behaviour, no planted scenario."
CUST-000257,0,benign_control,0,,low,"Control group: ordinary customer behaviour, no planted scenario."
CUST-000152,0,benign_control,0,,low,"Control group: ordinary customer behaviour, no planted scenario."
CUST-000331,0,benign_control,0,,low,"Control group: ordinary customer behaviour, no planted scenario."
CUST-000440,0,benign_control,0,,low,"Control group: ordinary customer behaviour, no planted scenario."
CUST-000235,0,benign_control,0,,low,"Control group: ordinary customer behaviour, no planted scenario."
CUST-000567,0,benign_control,0,,low,"Control group: ordinary customer behaviour, no planted scenario."
CUST-000059,0,benign_control,0,,low,"Control group: ordinary customer behaviour, no planted scenario."
CUST-000298,0,benign_control,0,,low,"Control group: ordinary customer behaviour, no planted scenario."
CUST-000496,0,benign_control,0,,low,"Control group: ordinary customer behaviour, no planted scenario."
CUST-000347,0,benign_control,0,,low,"Control group: ordinary customer behaviour, no planted scenario."
CUST-000460,0,benign_control,0,,low,"Control group: ordinary customer behaviour, no planted scenario."
CUST-000593,0,benign_control,0,,low,"Control group: ordinary customer behaviour, no planted scenario."
CUST-000420,0,benign_control,0,,low,"Control group: ordinary customer behaviour, no planted scenario."
CUST-000195,0,benign_control,0,,low,"Control group: ordinary customer behaviour, no planted scenario."
CUST-000121,0,benign_control,0,,low,"Control group: ordinary customer behaviour, no planted scenario."
CUST-000453,0,benign_control,0,,low,"Control group: ordinary customer behaviour, no planted scenario."
CUST-000553,0,benign_control,0,,low,"Control group: ordinary customer behaviour, no planted scenario."
CUST-000123,0,benign_control,0,,low,"Control group: ordinary customer behaviour, no planted scenario."
CUST-000012,0,benign_control,0,,low,"Control group: ordinary customer behaviour, no planted scenario."
CUST-000281,0,benign_control,0,,low,"Control group: ordinary customer behaviour, no planted scenario."
CUST-000114,0,benign_control,0,,low,"Control group: ordinary customer behaviour, no planted scenario."
CUST-000296,0,benign_control,0,,low,"Control group: ordinary customer behaviour, no planted scenario."
CUST-000354,0,benign_control,0,,low,"Control group: ordinary customer behaviour, no planted scenario."
CUST-000027,0,benign_control,0,,low,"Control group: ordinary customer behaviour, no planted scenario."
CUST-000319,0,benign_control,0,,low,"Control group: ordinary customer behaviour, no planted scenario."
CUST-000240,0,benign_control,0,,low,"Control group: ordinary customer behaviour, no planted scenario."
CUST-000397,0,benign_control,0,,low,"Control group: ordinary customer behaviour, no planted scenario."
CUST-000306,0,benign_control,0,,low,"Control group: ordinary customer behaviour, no planted scenario."
CUST-000582,0,benign_control,0,,low,"Control group: ordinary customer behaviour, no planted scenario."
CUST-000098,0,benign_control,0,,low,"Control group: ordinary customer behaviour, no planted scenario."
CUST-000041,0,benign_control,0,,low,"Control group: ordinary customer behaviour, no planted scenario."
CUST-000227,0,benign_control,0,,low,"Control group: ordinary customer behaviour, no planted scenario."
CUST-000595,0,benign_control,0,,low,"Control group: ordinary customer behaviour, no planted scenario."
CUST-000502,0,benign_control,0,,low,"Control group: ordinary customer behaviour, no planted scenario."
CUST-000020,0,benign_control,0,,low,"Control group: ordinary customer behaviour, no planted scenario."
CUST-000510,0,benign_control,0,,low,"Control group: ordinary customer behaviour, no planted scenario."
CUST-000226,0,benign_control,0,,low,"Control group: ordinary customer behaviour, no planted scenario."
CUST-000046,0,benign_control,0,,low,"Control group: ordinary customer behaviour, no planted scenario."
CUST-000273,0,benign_control,0,,low,"Control group: ordinary customer behaviour, no planted scenario."
CUST-000561,0,benign_control,0,,low,"Control group: ordinary customer behaviour, no planted scenario."
CUST-000320,0,benign_control,0,,low,"Control group: ordinary customer behaviour, no planted scenario."
CUST-000180,0,benign_control,0,,low,"Control group: ordinary customer behaviour, no planted scenario."
CUST-000559,0,benign_control,0,,low,"Control group: ordinary customer behaviour, no planted scenario."
CUST-000078,0,benign_control,0,,low,"Control group: ordinary customer behaviour, no planted scenario."
CUST-000456,0,benign_control,0,,low,"Control group: ordinary customer behaviour, no planted scenario."
CUST-000242,0,benign_control,0,,low,"Control group: ordinary customer behaviour, no planted scenario."
CUST-000030,0,benign_control,0,,low,"Control group: ordinary customer behaviour, no planted scenario."
CUST-000349,0,benign_control,0,,low,"Control group: ordinary customer behaviour, no planted scenario."
CUST-000541,0,benign_control,0,,low,"Control group: ordinary customer behaviour, no planted scenario."
CUST-000073,0,benign_control,0,,low,"Control group: ordinary customer behaviour, no planted scenario."
CUST-000234,0,benign_control,0,,low,"Control group: ordinary customer behaviour, no planted scenario."
CUST-000200,0,benign_control,0,,low,"Control group: ordinary customer behaviour, no planted scenario."
CUST-000029,0,benign_control,0,,low,"Control group: ordinary customer behaviour, no planted scenario."
CUST-000449,0,benign_control,0,,low,"Control group: ordinary customer behaviour, no planted scenario."
CUST-000372,0,benign_control,0,,low,"Control group: ordinary customer behaviour, no planted scenario."
CUST-000147,0,benign_control,0,,low,"Control group: ordinary customer behaviour, no planted scenario."
CUST-000497,0,benign_control,0,,low,"Control group: ordinary customer behaviour, no planted scenario."
CUST-000236,0,benign_control,0,,low,"Control group: ordinary customer behaviour, no planted scenario."
CUST-000476,0,benign_control,0,,low,"Control group: ordinary customer behaviour, no planted scenario."
CUST-000295,0,benign_control,0,,low,"Control group: ordinary customer behaviour, no planted scenario."
CUST-000285,0,benign_control,0,,low,"Control group: ordinary customer behaviour, no planted scenario."
CUST-000415,0,benign_control,0,,low,"Control group: ordinary customer behaviour, no planted scenario."
CUST-000171,0,benign_control,0,,low,"Control group: ordinary customer behaviour, no planted scenario."
CUST-000345,0,benign_control,0,,low,"Control group: ordinary customer behaviour, no planted scenario."
CUST-000239,0,benign_control,0,,low,"Control group: ordinary customer behaviour, no planted scenario."
CUST-000412,0,benign_control,0,,low,"Control group: ordinary customer behaviour, no planted scenario."
CUST-000513,0,benign_control,0,,low,"Control group: ordinary customer behaviour, no planted scenario."
CUST-000495,0,benign_control,0,,low,"Control group: ordinary customer behaviour, no planted scenario."
CUST-000220,0,benign_control,0,,low,"Control group: ordinary customer behaviour, no planted scenario."
CUST-000181,0,benign_control,0,,low,"Control group: ordinary customer behaviour, no planted scenario."
CUST-000330,0,benign_control,0,,low,"Control group: ordinary customer behaviour, no planted scenario."
CUST-000230,0,benign_control,0,,low,"Control group: ordinary customer behaviour, no planted scenario."
CUST-000294,0,benign_control,0,,low,"Control group: ordinary customer behaviour, no planted scenario."
CUST-000419,0,benign_control,0,,low,"Control group: ordinary customer behaviour, no planted scenario."
CUST-000100,0,benign_control,0,,low,"Control group: ordinary customer behaviour, no planted scenario."
CUST-000112,0,benign_control,0,,low,"Control group: ordinary customer behaviour, no planted scenario."
CUST-000569,0,benign_control,0,,low,"Control group: ordinary customer behaviour, no planted scenario."
CUST-000528,0,benign_control,0,,low,"Control group: ordinary customer behaviour, no planted scenario."
CUST-000153,0,benign_control,0,,low,"Control group: ordinary customer behaviour, no planted scenario."
CUST-000126,0,benign_control,0,,low,"Control group: ordinary customer behaviour, no planted scenario."
CUST-000161,0,benign_control,0,,low,"Control group: ordinary customer behaviour, no planted scenario."
CUST-000333,0,benign_control,0,,low,"Control group: ordinary customer behaviour, no planted scenario."
CUST-000014,0,benign_control,0,,low,"Control group: ordinary customer behaviour, no planted scenario."
CUST-000484,0,benign_control,0,,low,"Control group: ordinary customer behaviour, no planted scenario."
CUST-000332,0,benign_control,0,,low,"Control group: ordinary customer behaviour, no planted scenario."
CUST-000108,0,benign_control,0,,low,"Control group: ordinary customer behaviour, no planted scenario."
CUST-000374,0,benign_control,0,,low,"Control group: ordinary customer behaviour, no planted scenario."
CUST-000131,0,benign_control,0,,low,"Control group: ordinary customer behaviour, no planted scenario."
CUST-000291,0,benign_control,0,,low,"Control group: ordinary customer behaviour, no planted scenario."
CUST-000150,0,benign_control,0,,low,"Control group: ordinary customer behaviour, no planted scenario."
CUST-000179,0,benign_control,0,,low,"Control group: ordinary customer behaviour, no planted scenario."
CUST-000256,0,benign_control,0,,low,"Control group: ordinary customer behaviour, no planted scenario."
CUST-000574,0,benign_control,0,,low,"Control group: ordinary customer behaviour, no planted scenario."
CUST-000185,0,benign_control,0,,low,"Control group: ordinary customer behaviour, no planted scenario."
CUST-000223,0,benign_control,0,,low,"Control group: ordinary customer behaviour, no planted scenario."
CUST-000401,0,benign_control,0,,low,"Control group: ordinary customer behaviour, no planted scenario."
CUST-000580,0,benign_control,0,,low,"Control group: ordinary customer behaviour, no planted scenario."
CUST-000194,0,benign_control,0,,low,"Control group: ordinary customer behaviour, no planted scenario."
CUST-000534,0,benign_control,0,,low,"Control group: ordinary customer behaviour, no planted scenario."
CUST-000368,0,benign_control,0,,low,"Control group: ordinary customer behaviour, no planted scenario."
CUST-000590,0,benign_control,0,,low,"Control group: ordinary customer behaviour, no planted scenario."
CUST-000065,0,benign_control,0,,low,"Control group: ordinary customer behaviour, no planted scenario."
CUST-000019,0,benign_control,0,,low,"Control group: ordinary customer behaviour, no planted scenario."
CUST-000274,0,benign_control,0,,low,"Control group: ordinary customer behaviour, no planted scenario."
CUST-000297,0,benign_control,0,,low,"Control group: ordinary customer behaviour, no planted scenario."
CUST-000317,0,benign_control,0,,low,"Control group: ordinary customer behaviour, no planted scenario."
CUST-000088,0,benign_control,0,,low,"Control group: ordinary customer behaviour, no planted scenario."
CUST-000522,0,benign_control,0,,low,"Control group: ordinary customer behaviour, no planted scenario."
CUST-000431,0,benign_control,0,,low,"Control group: ordinary customer behaviour, no planted scenario."
CUST-000146,0,benign_control,0,,low,"Control group: ordinary customer behaviour, no planted scenario."
CUST-000070,0,benign_control,0,,low,"Control group: ordinary customer behaviour, no planted scenario."
CUST-000527,0,benign_control,0,,low,"Control group: ordinary customer behaviour, no planted scenario."
CUST-000292,0,benign_control,0,,low,"Control group: ordinary customer behaviour, no planted scenario."
CUST-000377,0,benign_control,0,,low,"Control group: ordinary customer behaviour, no planted scenario."
CUST-000063,0,benign_control,0,,low,"Control group: ordinary customer behaviour, no planted scenario."
CUST-000379,0,benign_control,0,,low,"Control group: ordinary customer behaviour, no planted scenario."
CUST-000450,0,benign_control,0,,low,"Control group: ordinary customer behaviour, no planted scenario."
CUST-000511,0,benign_control,0,,low,"Control group: ordinary customer behaviour, no planted scenario."
CUST-000264,0,benign_control,0,,low,"Control group: ordinary customer behaviour, no planted scenario."
CUST-000087,0,benign_control,0,,low,"Control group: ordinary customer behaviour, no planted scenario."
CUST-000163,0,benign_control,0,,low,"Control group: ordinary customer behaviour, no planted scenario."
CUST-000237,0,benign_control,0,,low,"Control group: ordinary customer behaviour, no planted scenario."
CUST-000589,0,benign_control,0,,low,"Control group: ordinary customer behaviour, no planted scenario."
CUST-000064,0,benign_control,0,,low,"Control group: ordinary customer behaviour, no planted scenario."
CUST-000348,0,benign_control,0,,low,"Control group: ordinary customer behaviour, no planted scenario."
CUST-000282,0,benign_control,0,,low,"Control group: ordinary customer behaviour, no planted scenario."
CUST-000208,0,benign_control,0,,low,"Control group: ordinary customer behaviour, no planted scenario."
CUST-000545,0,benign_control,0,,low,"Control group: ordinary customer behaviour, no planted scenario."
CUST-000461,0,benign_control,0,,low,"Control group: ordinary customer behaviour, no planted scenario."
CUST-000381,0,benign_control,0,,low,"Control group: ordinary customer behaviour, no planted scenario."
CUST-000134,0,benign_control,0,,low,"Control group: ordinary customer behaviour, no planted scenario."
CUST-000468,0,benign_control,0,,low,"Control group: ordinary customer behaviour, no planted scenario."
CUST-000507,0,benign_control,0,,low,"Control group: ordinary customer behaviour, no planted scenario."
CUST-000205,0,benign_control,0,,low,"Control group: ordinary customer behaviour, no planted scenario."
CUST-000053,0,benign_control,0,,low,"Control group: ordinary customer behaviour, no planted scenario."
CUST-000470,0,benign_control,0,,low,"Control group: ordinary customer behaviour, no planted scenario."
CUST-000142,0,benign_control,0,,low,"Control group: ordinary customer behaviour, no planted scenario."
CUST-000488,0,benign_control,0,,low,"Control group: ordinary customer behaviour, no planted scenario."
CUST-000183,0,benign_control,0,,low,"Control group: ordinary customer behaviour, no planted scenario."
CUST-000523,0,benign_control,0,,low,"Control group: ordinary customer behaviour, no planted scenario."
CUST-000410,0,benign_control,0,,low,"Control group: ordinary customer behaviour, no planted scenario."
CUST-000270,0,benign_control,0,,low,"Control group: ordinary customer behaviour, no planted scenario."
CUST-000318,0,benign_control,0,,low,"Control group: ordinary customer behaviour, no planted scenario."
CUST-000427,0,benign_control,0,,low,"Control group: ordinary customer behaviour, no planted scenario."
CUST-000177,0,benign_control,0,,low,"Control group: ordinary customer behaviour, no planted scenario."
CUST-000268,0,benign_control,0,,low,"Control group: ordinary customer behaviour, no planted scenario."
CUST-000388,0,benign_control,0,,low,"Control group: ordinary customer behaviour, no planted scenario."
CUST-000489,0,benign_control,0,,low,"Control group: ordinary customer behaviour, no planted scenario."
CUST-000406,0,benign_control,0,,low,"Control group: ordinary customer behaviour, no planted scenario."
CUST-000455,0,benign_control,0,,low,"Control group: ordinary customer behaviour, no planted scenario."
CUST-000157,0,benign_control,0,,low,"Control group: ordinary customer behaviour, no planted scenario."
CUST-000197,0,benign_control,0,,low,"Control group: ordinary customer behaviour, no planted scenario."
CUST-000514,0,benign_control,0,,low,"Control group: ordinary customer behaviour, no planted scenario."
CUST-000599,0,benign_control,0,,low,"Control group: ordinary customer behaviour, no planted scenario."
CUST-000172,0,benign_control,0,,low,"Control group: ordinary customer behaviour, no planted scenario."
CUST-000585,0,benign_control,0,,low,"Control group: ordinary customer behaviour, no planted scenario."
CUST-000552,0,benign_control,0,,low,"Control group: ordinary customer behaviour, no planted scenario."
CUST-000422,0,benign_control,0,,low,"Control group: ordinary customer behaviour, no planted scenario."
CUST-000423,0,benign_control,0,,low,"Control group: ordinary customer behaviour, no planted scenario."
CUST-000106,0,benign_control,0,,low,"Control group: ordinary customer behaviour, no planted scenario."
CUST-000174,0,benign_control,0,,low,"Control group: ordinary customer behaviour, no planted scenario."
CUST-000133,0,benign_control,0,,low,"Control group: ordinary customer behaviour, no planted scenario."
CUST-000086,0,benign_control,0,,low,"Control group: ordinary customer behaviour, no planted scenario."
CUST-000313,0,benign_control,0,,low,"Control group: ordinary customer behaviour, no planted scenario."
CUST-000050,0,benign_control,0,,low,"Control group: ordinary customer behaviour, no planted scenario."
CUST-000079,0,benign_control,0,,low,"Control group: ordinary customer behaviour, no planted scenario."
CUST-000469,0,benign_control,0,,low,"Control group: ordinary customer behaviour, no planted scenario."
CUST-000596,0,benign_control,0,,low,"Control group: ordinary customer behaviour, no planted scenario."
CUST-000145,0,benign_control,0,,low,"Control group: ordinary customer behaviour, no planted scenario."
CUST-000547,0,benign_control,0,,low,"Control group: ordinary customer behaviour, no planted scenario."
CUST-000598,0,benign_control,0,,low,"Control group: ordinary customer behaviour, no planted scenario."
CUST-000446,0,benign_control,0,,low,"Control group: ordinary customer behaviour, no planted scenario."
CUST-000467,0,benign_control,0,,low,"Control group: ordinary customer behaviour, no planted scenario."
CUST-000276,0,benign_control,0,,low,"Control group: ordinary customer behaviour, no planted scenario."
CUST-000421,0,benign_control,0,,low,"Control group: ordinary customer behaviour, no planted scenario."
CUST-000117,0,benign_control,0,,low,"Control group: ordinary customer behaviour, no planted scenario."
CUST-000316,0,benign_control,0,,low,"Control group: ordinary customer behaviour, no planted scenario."
CUST-000139,0,benign_control,0,,low,"Control group: ordinary customer behaviour, no planted scenario."
CUST-000138,0,benign_control,0,,low,"Control group: ordinary customer behaviour, no planted scenario."
CUST-000129,0,benign_control,0,,low,"Control group: ordinary customer behaviour, no planted scenario."
CUST-000540,0,benign_control,0,,low,"Control group: ordinary customer behaviour, no planted scenario."
CUST-000176,0,benign_control,0,,low,"Control group: ordinary customer behaviour, no planted scenario."
CUST-000251,0,benign_control,0,,low,"Control group: ordinary customer behaviour, no planted scenario."
CUST-000047,0,benign_control,0,,low,"Control group: ordinary customer behaviour, no planted scenario."
CUST-000173,0,benign_control,0,,low,"Control group: ordinary customer behaviour, no planted scenario."
CUST-000271,0,benign_control,0,,low,"Control group: ordinary customer behaviour, no planted scenario."
CUST-000342,0,benign_control,0,,low,"Control group: ordinary customer behaviour, no planted scenario."
CUST-000198,0,benign_control,0,,low,"Control group: ordinary customer behaviour, no planted scenario."
CUST-000250,0,benign_control,0,,low,"Control group: ordinary customer behaviour, no planted scenario."
CUST-000327,0,benign_control,0,,low,"Control group: ordinary customer behaviour, no planted scenario."
CUST-000241,0,benign_control,0,,low,"Control group: ordinary customer behaviour, no planted scenario."
CUST-000158,0,benign_control,0,,low,"Control group: ordinary customer behaviour, no planted scenario."
CUST-000168,0,benign_control,0,,low,"Control group: ordinary customer behaviour, no planted scenario."
CUST-000597,0,benign_control,0,,low,"Control group: ordinary customer behaviour, no planted scenario."
CUST-000436,0,benign_control,0,,low,"Control group: ordinary customer behaviour, no planted scenario."
CUST-000486,0,benign_control,0,,low,"Control group: ordinary customer behaviour, no planted scenario."
CUST-000144,0,benign_control,0,,low,"Control group: ordinary customer behaviour, no planted scenario."
CUST-000202,0,benign_control,0,,low,"Control group: ordinary customer behaviour, no planted scenario."
CUST-000494,0,benign_control,0,,low,"Control group: ordinary customer behaviour, no planted scenario."
CUST-000190,0,benign_control,0,,low,"Control group: ordinary customer behaviour, no planted scenario."
CUST-000362,0,benign_control,0,,low,"Control group: ordinary customer behaviour, no planted scenario."
CUST-000321,0,benign_control,0,,low,"Control group: ordinary customer behaviour, no planted scenario."
CUST-000044,0,benign_control,0,,low,"Control group: ordinary customer behaviour, no planted scenario."
CUST-000394,0,benign_control,0,,low,"Control group: ordinary customer behaviour, no planted scenario."
CUST-000546,0,benign_control,0,,low,"Control group: ordinary customer behaviour, no planted scenario."
CUST-000016,0,benign_control,0,,low,"Control group: ordinary customer behaviour, no planted scenario."
CUST-000307,0,benign_control,0,,low,"Control group: ordinary customer behaviour, no planted scenario."
CUST-000039,0,benign_control,0,,low,"Control group: ordinary customer behaviour, no planted scenario."
CUST-000572,0,benign_control,0,,low,"Control group: ordinary customer behaviour, no planted scenario."
CUST-000576,0,benign_control,0,,low,"Control group: ordinary customer behaviour, no planted scenario."
CUST-000267,0,benign_control,0,,low,"Control group: ordinary customer behaviour, no planted scenario."
CUST-000592,0,benign_control,0,,low,"Control group: ordinary customer behaviour, no planted scenario."
CUST-000081,0,benign_control,0,,low,"Control group: ordinary customer behaviour, no planted scenario."
CUST-000309,0,benign_control,0,,low,"Control group: ordinary customer behaviour, no planted scenario."
CUST-000261,0,benign_control,0,,low,"Control group: ordinary customer behaviour, no planted scenario."
CUST-000594,0,benign_control,0,,low,"Control group: ordinary customer behaviour, no planted scenario."
CUST-000323,0,benign_control,0,,low,"Control group: ordinary customer behaviour, no planted scenario."
CUST-000571,0,benign_control,0,,low,"Control group: ordinary customer behaviour, no planted scenario."
CUST-000231,0,benign_control,0,,low,"Control group: ordinary customer behaviour, no planted scenario."
CUST-000408,0,benign_control,0,,low,"Control group: ordinary customer behaviour, no planted scenario."
CUST-000373,0,benign_control,0,,low,"Control group: ordinary customer behaviour, no planted scenario."
CUST-000568,0,benign_control,0,,low,"Control group: ordinary customer behaviour, no planted scenario."
CUST-000493,0,benign_control,0,,low,"Control group: ordinary customer behaviour, no planted scenario."
CUST-000203,0,benign_control,0,,low,"Control group: ordinary customer behaviour, no planted scenario."
CUST-000165,0,benign_control,0,,low,"Control group: ordinary customer behaviour, no planted scenario."
CUST-000022,0,benign_control,0,,low,"Control group: ordinary customer behaviour, no planted scenario."
CUST-000222,0,benign_control,0,,low,"Control group: ordinary customer behaviour, no planted scenario."
CUST-000353,0,benign_control,0,,low,"Control group: ordinary customer behaviour, no planted scenario."
CUST-000209,0,benign_control,0,,low,"Control group: ordinary customer behaviour, no planted scenario."
CUST-000477,0,benign_control,0,,low,"Control group: ordinary customer behaviour, no planted scenario."
CUST-000116,0,benign_control,0,,low,"Control group: ordinary customer behaviour, no planted scenario."
CUST-000186,0,benign_control,0,,low,"Control group: ordinary customer behaviour, no planted scenario."
CUST-000365,0,benign_control,0,,low,"Control group: ordinary customer behaviour, no planted scenario."
CUST-000127,0,benign_control,0,,low,"Control group: ordinary customer behaviour, no planted scenario."
CUST-000424,0,benign_control,0,,low,"Control group: ordinary customer behaviour, no planted scenario."
CUST-000483,0,benign_control,0,,low,"Control group: ordinary customer behaviour, no planted scenario."
CUST-000038,0,benign_control,0,,low,"Control group: ordinary customer behaviour, no planted scenario."
CUST-000263,0,benign_control,0,,low,"Control group: ordinary customer behaviour, no planted scenario."
CUST-000444,0,benign_control,0,,low,"Control group: ordinary customer behaviour, no planted scenario."
CUST-000369,0,benign_control,0,,low,"Control group: ordinary customer behaviour, no planted scenario."
CUST-000324,0,benign_control,0,,low,"Control group: ordinary customer behaviour, no planted scenario."
CUST-000457,0,benign_control,0,,low,"Control group: ordinary customer behaviour, no planted scenario."
CUST-000498,0,benign_control,0,,low,"Control group: ordinary customer behaviour, no planted scenario."
CUST-000075,0,benign_control,0,,low,"Control group: ordinary customer behaviour, no planted scenario."
CUST-000037,0,benign_control,0,,low,"Control group: ordinary customer behaviour, no planted scenario."
CUST-000278,0,benign_control,0,,low,"Control group: ordinary customer behaviour, no planted scenario."
CUST-000322,0,benign_control,0,,low,"Control group: ordinary customer behaviour, no planted scenario."
CUST-000325,0,benign_control,0,,low,"Control group: ordinary customer behaviour, no planted scenario."
CUST-000284,0,benign_control,0,,low,"Control group: ordinary customer behaviour, no planted scenario."
CUST-000448,0,benign_control,0,,low,"Control group: ordinary customer behaviour, no planted scenario."
CUST-000524,0,benign_control,0,,low,"Control group: ordinary customer behaviour, no planted scenario."
CUST-000051,0,benign_control,0,,low,"Control group: ordinary customer behaviour, no planted scenario."
CUST-000375,0,benign_control,0,,low,"Control group: ordinary customer behaviour, no planted scenario."
CUST-000339,0,benign_control,0,,low,"Control group: ordinary customer behaviour, no planted scenario."
CUST-000370,0,benign_control,0,,low,"Control group: ordinary customer behaviour, no planted scenario."
CUST-000516,0,benign_control,0,,low,"Control group: ordinary customer behaviour, no planted scenario."
CUST-000518,0,benign_control,0,,low,"Control group: ordinary customer behaviour, no planted scenario."
CUST-000110,0,benign_control,0,,low,"Control group: ordinary customer behaviour, no planted scenario."
CUST-000246,0,benign_control,0,,low,"Control group: ordinary customer behaviour, no planted scenario."
CUST-000386,0,benign_control,0,,low,"Control group: ordinary customer behaviour, no planted scenario."
CUST-000164,0,benign_control,0,,low,"Control group: ordinary customer behaviour, no planted scenario."
CUST-000385,0,benign_control,0,,low,"Control group: ordinary customer behaviour, no planted scenario."
CUST-000156,0,benign_control,0,,low,"Control group: ordinary customer behaviour, no planted scenario."
CUST-000005,0,benign_control,0,,low,"Control group: ordinary customer behaviour, no planted scenario."
CUST-000272,0,benign_control,0,,low,"Control group: ordinary customer behaviour, no planted scenario."
CUST-000480,0,benign_control,0,,low,"Control group: ordinary customer behaviour, no planted scenario."
CUST-000137,0,benign_control,0,,low,"Control group: ordinary customer behaviour, no planted scenario."
CUST-000378,0,benign_control,0,,low,"Control group: ordinary customer behaviour, no planted scenario."
CUST-000409,0,benign_control,0,,low,"Control group: ordinary customer behaviour, no planted scenario."
CUST-000058,0,benign_control,0,,low,"Control group: ordinary customer behaviour, no planted scenario."
CUST-000007,0,benign_control,0,,low,"Control group: ordinary customer behaviour, no planted scenario."
CUST-000535,0,benign_control,0,,low,"Control group: ordinary customer behaviour, no planted scenario."
CUST-000031,0,benign_control,0,,low,"Control group: ordinary customer behaviour, no planted scenario."
CUST-000560,0,benign_control,0,,low,"Control group: ordinary customer behaviour, no planted scenario."
CUST-000525,0,benign_control,0,,low,"Control group: ordinary customer behaviour, no planted scenario."
CUST-000201,0,benign_control,0,,low,"Control group: ordinary customer behaviour, no planted scenario."
CUST-000558,0,benign_control,0,,low,"Control group: ordinary customer behaviour, no planted scenario."
CUST-000154,0,benign_control,0,,low,"Control group: ordinary customer behaviour, no planted scenario."
CUST-000076,0,benign_control,0,,low,"Control group: ordinary customer behaviour, no planted scenario."
CUST-000104,0,benign_control,0,,low,"Control group: ordinary customer behaviour, no planted scenario."
CUST-000119,0,benign_control,0,,low,"Control group: ordinary customer behaviour, no planted scenario."
CUST-000463,0,benign_control,0,,low,"Control group: ordinary customer behaviour, no planted scenario."
CUST-000287,0,benign_control,0,,low,"Control group: ordinary customer behaviour, no planted scenario."
CUST-000426,0,benign_control,0,,low,"Control group: ordinary customer behaviour, no planted scenario."
CUST-000212,0,benign_control,0,,low,"Control group: ordinary customer behaviour, no planted scenario."
CUST-000434,0,benign_control,0,,low,"Control group: ordinary customer behaviour, no planted scenario."
CUST-000521,0,benign_control,0,,low,"Control group: ordinary customer behaviour, no planted scenario."
CUST-000337,0,benign_control,0,,low,"Control group: ordinary customer behaviour, no planted scenario."
CUST-000395,0,benign_control,0,,low,"Control group: ordinary customer behaviour, no planted scenario."
CUST-000245,0,benign_control,0,,low,"Control group: ordinary customer behaviour, no planted scenario."
CUST-000392,0,benign_control,0,,low,"Control group: ordinary customer behaviour, no planted scenario."
CUST-000447,0,benign_control,0,,low,"Control group: ordinary customer behaviour, no planted scenario."
CUST-000192,0,benign_control,0,,low,"Control group: ordinary customer behaviour, no planted scenario."
CUST-000280,0,benign_control,0,,low,"Control group: ordinary customer behaviour, no planted scenario."
CUST-000338,0,benign_control,0,,low,"Control group: ordinary customer behaviour, no planted scenario."
CUST-000229,0,benign_control,0,,low,"Control group: ordinary customer behaviour, no planted scenario."
CUST-000532,0,benign_control,0,,low,"Control group: ordinary customer behaviour, no planted scenario."
CUST-000391,0,benign_control,0,,low,"Control group: ordinary customer behaviour, no planted scenario."
CUST-000096,0,benign_control,0,,low,"Control group: ordinary customer behaviour, no planted scenario."
CUST-000293,0,benign_control,0,,low,"Control group: ordinary customer behaviour, no planted scenario."
CUST-000533,0,benign_control,0,,low,"Control group: ordinary customer behaviour, no planted scenario."
CUST-000083,0,benign_control,0,,low,"Control group: ordinary customer behaviour, no planted scenario."
CUST-000586,0,benign_control,0,,low,"Control group: ordinary customer behaviour, no planted scenario."
CUST-000062,0,benign_control,0,,low,"Control group: ordinary customer behaviour, no planted scenario."
CUST-000071,0,benign_control,0,,low,"Control group: ordinary customer behaviour, no planted scenario."
CUST-000125,0,benign_control,0,,low,"Control group: ordinary customer behaviour, no planted scenario."
CUST-000491,0,benign_control,0,,low,"Control group: ordinary customer behaviour, no planted scenario."
CUST-000206,0,benign_control,0,,low,"Control group: ordinary customer behaviour, no planted scenario."
CUST-000244,0,benign_control,0,,low,"Control group: ordinary customer behaviour, no planted scenario."
CUST-000184,0,benign_control,0,,low,"Control group: ordinary customer behaviour, no planted scenario."
CUST-000341,0,benign_control,0,,low,"Control group: ordinary customer behaviour, no planted scenario."
CUST-000135,0,benign_control,0,,low,"Control group: ordinary customer behaviour, no planted scenario."
CUST-000045,0,benign_control,0,,low,"Control group: ordinary customer behaviour, no planted scenario."
CUST-000034,0,benign_control,0,,low,"Control group: ordinary customer behaviour, no planted scenario."
CUST-000035,0,benign_control,0,,low,"Control group: ordinary customer behaviour, no planted scenario."
CUST-000217,0,benign_control,0,,low,"Control group: ordinary customer behaviour, no planted scenario."
CUST-000530,0,benign_control,0,,low,"Control group: ordinary customer behaviour, no planted scenario."
CUST-000286,0,benign_control,0,,low,"Control group: ordinary customer behaviour, no planted scenario."
CUST-000224,0,benign_control,0,,low,"Control group: ordinary customer behaviour, no planted scenario."
CUST-000143,0,benign_control,0,,low,"Control group: ordinary customer behaviour, no planted scenario."
CUST-000018,0,benign_control,0,,low,"Control group: ordinary customer behaviour, no planted scenario."
CUST-000243,0,benign_control,0,,low,"Control group: ordinary customer behaviour, no planted scenario."
CUST-000570,0,benign_control,0,,low,"Control group: ordinary customer behaviour, no planted scenario."
CUST-000055,0,benign_control,0,,low,"Control group: ordinary customer behaviour, no planted scenario."
CUST-000279,0,benign_control,0,,low,"Control group: ordinary customer behaviour, no planted scenario."
CUST-000326,0,benign_control,0,,low,"Control group: ordinary customer behaviour, no planted scenario."
CUST-000189,0,benign_control,0,,low,"Control group: ordinary customer behaviour, no planted scenario."
CUST-000356,0,benign_control,0,,low,"Control group: ordinary customer behaviour, no planted scenario."
CUST-000269,0,benign_control,0,,low,"Control group: ordinary customer behaviour, no planted scenario."
CUST-000363,0,benign_control,0,,low,"Control group: ordinary customer behaviour, no planted scenario."
CUST-000551,0,benign_control,0,,low,"Control group: ordinary customer behaviour, no planted scenario."
CUST-000221,0,benign_control,0,,low,"Control group: ordinary customer behaviour, no planted scenario."
CUST-000472,0,benign_control,0,,low,"Control group: ordinary customer behaviour, no planted scenario."
CUST-000407,0,benign_control,0,,low,"Control group: ordinary customer behaviour, no planted scenario."
CUST-000188,0,benign_control,0,,low,"Control group: ordinary customer behaviour, no planted scenario."
CUST-000255,0,benign_control,0,,low,"Control group: ordinary customer behaviour, no planted scenario."
CUST-000588,0,benign_control,0,,low,"Control group: ordinary customer behaviour, no planted scenario."
CUST-000013,0,benign_control,0,,low,"Control group: ordinary customer behaviour, no planted scenario."
CUST-000289,0,benign_control,0,,low,"Control group: ordinary customer behaviour, no planted scenario."
CUST-000310,0,benign_control,0,,low,"Control group: ordinary customer behaviour, no planted scenario."
CUST-000380,0,benign_control,0,,low,"Control group: ordinary customer behaviour, no planted scenario."
CUST-000068,0,benign_control,0,,low,"Control group: ordinary customer behaviour, no planted scenario."
CUST-000072,0,benign_control,0,,low,"Control group: ordinary customer behaviour, no planted scenario."
CUST-000520,0,benign_control,0,,low,"Control group: ordinary customer behaviour, no planted scenario."
CUST-000052,0,benign_control,0,,low,"Control group: ordinary customer behaviour, no planted scenario."
CUST-000060,0,benign_control,0,,low,"Control group: ordinary customer behaviour, no planted scenario."
CUST-000359,0,benign_control,0,,low,"Control group: ordinary customer behaviour, no planted scenario."
CUST-000445,0,benign_control,0,,low,"Control group: ordinary customer behaviour, no planted scenario."
CUST-000543,0,benign_control,0,,low,"Control group: ordinary customer behaviour, no planted scenario."
CUST-000366,0,benign_control,0,,low,"Control group: ordinary customer behaviour, no planted scenario."
CUST-000118,0,benign_control,0,,low,"Control group: ordinary customer behaviour, no planted scenario."
CUST-000253,0,benign_control,0,,low,"Control group: ordinary customer behaviour, no planted scenario."
CUST-000531,0,benign_control,0,,low,"Control group: ordinary customer behaviour, no planted scenario."
CUST-000299,0,benign_control,0,,low,"Control group: ordinary customer behaviour, no planted scenario."
CUST-000350,0,benign_control,0,,low,"Control group: ordinary customer behaviour, no planted scenario."
CUST-000175,0,benign_control,0,,low,"Control group: ordinary customer behaviour, no planted scenario."
CUST-000115,0,benign_control,0,,low,"Control group: ordinary customer behaviour, no planted scenario."
CUST-000094,0,benign_control,0,,low,"Control group: ordinary customer behaviour, no planted scenario."
CUST-000155,0,benign_control,0,,low,"Control group: ordinary customer behaviour, no planted scenario."
CUST-000023,0,benign_control,0,,low,"Control group: ordinary customer behaviour, no planted scenario."
CUST-000581,0,benign_control,0,,low,"Control group: ordinary customer behaviour, no planted scenario."
CUST-000396,0,benign_control,0,,low,"Control group: ordinary customer behaviour, no planted scenario."
CUST-000091,0,benign_control,0,,low,"Control group: ordinary customer behaviour, no planted scenario."
CUST-000478,0,benign_control,0,,low,"Control group: ordinary customer behaviour, no planted scenario."
CUST-000414,0,benign_control,0,,low,"Control group: ordinary customer behaviour, no planted scenario."
CUST-000382,0,benign_control,0,,low,"Control group: ordinary customer behaviour, no planted scenario."
CUST-000577,0,benign_control,0,,low,"Control group: ordinary customer behaviour, no planted scenario."
CUST-000482,0,benign_control,0,,low,"Control group: ordinary customer behaviour, no planted scenario."
CUST-000003,0,benign_control,0,,low,"Control group: ordinary customer behaviour, no planted scenario."
CUST-000128,0,benign_control,0,,low,"Control group: ordinary customer behaviour, no planted scenario."
CUST-000249,0,benign_control,0,,low,"Control group: ordinary customer behaviour, no planted scenario."
CUST-000247,0,benign_control,0,,low,"Control group: ordinary customer behaviour, no planted scenario."
CUST-000102,0,benign_control,0,,low,"Control group: ordinary customer behaviour, no planted scenario."
CUST-000526,0,benign_control,0,,low,"Control group: ordinary customer behaviour, no planted scenario."
CUST-000429,0,benign_control,0,,low,"Control group: ordinary customer behaviour, no planted scenario."
CUST-000080,0,benign_control,0,,low,"Control group: ordinary customer behaviour, no planted scenario."
CUST-000549,0,benign_control,0,,low,"Control group: ordinary customer behaviour, no planted scenario."
CUST-000057,0,benign_control,0,,low,"Control group: ordinary customer behaviour, no planted scenario."
CUST-000219,0,benign_control,0,,low,"Control group: ordinary customer behaviour, no planted scenario."
CUST-000170,0,benign_control,0,,low,"Control group: ordinary customer behaviour, no planted scenario."
CUST-000550,0,benign_control,0,,low,"Control group: ordinary customer behaviour, no planted scenario."
CUST-000149,0,benign_control,0,,low,"Control group: ordinary customer behaviour, no planted scenario."
CUST-000021,0,benign_control,0,,low,"Control group: ordinary customer behaviour, no planted scenario."
CUST-000084,0,benign_control,0,,low,"Control group: ordinary customer behaviour, no planted scenario."
CUST-000506,0,benign_control,0,,low,"Control group: ordinary customer behaviour, no planted scenario."
CUST-000151,0,benign_control,0,,low,"Control group: ordinary customer behaviour, no planted scenario."
CUST-000505,0,benign_control,0,,low,"Control group: ordinary customer behaviour, no planted scenario."
CUST-000462,0,benign_control,0,,low,"Control group: ordinary customer behaviour, no planted scenario."
CUST-000090,0,benign_control,0,,low,"Control group: ordinary customer behaviour, no planted scenario."
CUST-000519,0,benign_control,0,,low,"Control group: ordinary customer behaviour, no planted scenario."
CUST-000265,0,benign_control,0,,low,"Control group: ordinary customer behaviour, no planted scenario."
CUST-000358,0,benign_control,0,,low,"Control group: ordinary customer behaviour, no planted scenario."
CUST-000061,0,benign_control,0,,low,"Control group: ordinary customer behaviour, no planted scenario."
CUST-000300,0,benign_control,0,,low,"Control group: ordinary customer behaviour, no planted scenario."
CUST-000130,0,benign_control,0,,low,"Control group: ordinary customer behaviour, no planted scenario."
CUST-000566,0,benign_control,0,,low,"Control group: ordinary customer behaviour, no planted scenario."
CUST-000371,0,benign_control,0,,low,"Control group: ordinary customer behaviour, no planted scenario."
CUST-000335,0,benign_control,0,,low,"Control group: ordinary customer behaviour, no planted scenario."
CUST-000275,0,benign_control,0,,low,"Control group: ordinary customer behaviour, no planted scenario."
CUST-000474,0,benign_control,0,,low,"Control group: ordinary customer behaviour, no planted scenario."
CUST-000411,0,benign_control,0,,low,"Control group: ordinary customer behaviour, no planted scenario."
CUST-000199,0,benign_control,0,,low,"Control group: ordinary customer behaviour, no planted scenario."
CUST-000290,0,benign_control,0,,low,"Control group: ordinary customer behaviour, no planted scenario."
CUST-000357,0,benign_control,0,,low,"Control group: ordinary customer behaviour, no planted scenario."
CUST-000141,0,benign_control,0,,low,"Control group: ordinary customer behaviour, no planted scenario."
CUST-000238,0,benign_control,0,,low,"Control group: ordinary customer behaviour, no planted scenario."
CUST-000093,0,benign_control,0,,low,"Control group: ordinary customer behaviour, no planted scenario."
CUST-000258,0,benign_control,0,,low,"Control group: ordinary customer behaviour, no planted scenario."
CUST-000539,0,benign_control,0,,low,"Control group: ordinary customer behaviour, no planted scenario."
CUST-000228,0,benign_control,0,,low,"Control group: ordinary customer behaviour, no planted scenario."
CUST-000557,0,benign_control,0,,low,"Control group: ordinary customer behaviour, no planted scenario."
CUST-000479,0,benign_control,0,,low,"Control group: ordinary customer behaviour, no planted scenario."
CUST-000015,0,benign_control,0,,low,"Control group: ordinary customer behaviour, no planted scenario."
CUST-000400,0,benign_control,0,,low,"Control group: ordinary customer behaviour, no planted scenario."
CUST-000515,0,benign_control,0,,low,"Control group: ordinary customer behaviour, no planted scenario."
CUST-000442,0,benign_control,0,,low,"Control group: ordinary customer behaviour, no planted scenario."
CUST-000304,0,benign_control,0,,low,"Control group: ordinary customer behaviour, no planted scenario."
CUST-000066,0,benign_control,0,,low,"Control group: ordinary customer behaviour, no planted scenario."
CUST-000351,0,benign_control,0,,low,"Control group: ordinary customer behaviour, no planted scenario."
CUST-000006,0,benign_control,0,,low,"Control group: ordinary customer behaviour, no planted scenario."
CUST-000049,0,benign_control,0,,low,"Control group: ordinary customer behaviour, no planted scenario."
CUST-000211,0,benign_control,0,,low,"Control group: ordinary customer behaviour, no planted scenario."
CUST-000315,0,benign_control,0,,low,"Control group: ordinary customer behaviour, no planted scenario."
CUST-000578,0,benign_control,0,,low,"Control group: ordinary customer behaviour, no planted scenario."
CUST-000584,0,benign_control,0,,low,"Control group: ordinary customer behaviour, no planted scenario."
CUST-000438,0,benign_control,0,,low,"Control group: ordinary customer behaviour, no planted scenario."
CUST-000361,0,benign_control,0,,low,"Control group: ordinary customer behaviour, no planted scenario."
CUST-000548,0,benign_control,0,,low,"Control group: ordinary customer behaviour, no planted scenario."
CUST-000283,0,benign_control,0,,low,"Control group: ordinary customer behaviour, no planted scenario."
CUST-000159,0,benign_control,0,,low,"Control group: ordinary customer behaviour, no planted scenario."
CUST-000166,0,benign_control,0,,low,"Control group: ordinary customer behaviour, no planted scenario."
CUST-000036,0,benign_control,0,,low,"Control group: ordinary customer behaviour, no planted scenario."
CUST-000481,0,benign_control,0,,low,"Control group: ordinary customer behaviour, no planted scenario."
CUST-000573,0,benign_control,0,,low,"Control group: ordinary customer behaviour, no planted scenario."
CUST-000346,0,benign_control,0,,low,"Control group: ordinary customer behaviour, no planted scenario."
CUST-000389,0,benign_control,0,,low,"Control group: ordinary customer behaviour, no planted scenario."
CUST-000466,0,benign_control,0,,low,"Control group: ordinary customer behaviour, no planted scenario."
CUST-000097,0,benign_control,0,,low,"Control group: ordinary customer behaviour, no planted scenario."
CUST-000252,0,benign_control,0,,low,"Control group: ordinary customer behaviour, no planted scenario."
CUST-000085,0,benign_control,0,,low,"Control group: ordinary customer behaviour, no planted scenario."
CUST-000095,0,benign_control,0,,low,"Control group: ordinary customer behaviour, no planted scenario."
CUST-000259,0,benign_control,0,,low,"Control group: ordinary customer behaviour, no planted scenario."
CUST-000487,0,benign_control,0,,low,"Control group: ordinary customer behaviour, no planted scenario."
CUST-000089,0,benign_control,0,,low,"Control group: ordinary customer behaviour, no planted scenario."
CUST-000500,0,benign_control,0,,low,"Control group: ordinary customer behaviour, no planted scenario."
CUST-000040,0,benign_control,0,,low,"Control group: ordinary customer behaviour, no planted scenario."
CUST-000390,0,benign_control,0,,low,"Control group: ordinary customer behaviour, no planted scenario."
CUST-000028,0,benign_control,0,,low,"Control group: ordinary customer behaviour, no planted scenario."
CUST-000503,0,benign_control,0,,low,"Control group: ordinary customer behaviour, no planted scenario."
CUST-000537,0,benign_control,0,,low,"Control group: ordinary customer behaviour, no planted scenario."
CUST-000554,0,benign_control,0,,low,"Control group: ordinary customer behaviour, no planted scenario."
CUST-000101,0,benign_control,0,,low,"Control group: ordinary customer behaviour, no planted scenario."
CUST-000393,0,benign_control,0,,low,"Control group: ordinary customer behaviour, no planted scenario."
CUST-000485,0,benign_control,0,,low,"Control group: ordinary customer behaviour, no planted scenario."
CUST-000262,0,benign_control,0,,low,"Control group: ordinary customer behaviour, no planted scenario."
CUST-000600,0,benign_control,0,,low,"Control group: ordinary customer behaviour, no planted scenario."
CUST-000587,0,benign_control,0,,low,"Control group: ordinary customer behaviour, no planted scenario."
CUST-000328,0,benign_control,0,,low,"Control group: ordinary customer behaviour, no planted scenario."
CUST-000512,0,benign_control,0,,low,"Control group: ordinary customer behaviour, no planted scenario."
CUST-000033,0,benign_control,0,,low,"Control group: ordinary customer behaviour, no planted scenario."
CUST-000504,0,benign_control,0,,low,"Control group: ordinary customer behaviour, no planted scenario."
CUST-000043,0,benign_control,0,,low,"Control group: ordinary customer behaviour, no planted scenario."
CUST-000490,0,benign_control,0,,low,"Control group: ordinary customer behaviour, no planted scenario."
CUST-000439,0,benign_control,0,,low,"Control group: ordinary customer behaviour, no planted scenario."
CUST-000312,0,benign_control,0,,low,"Control group: ordinary customer behaviour, no planted scenario."
CUST-000214,0,benign_control,0,,low,"Control group: ordinary customer behaviour, no planted scenario."
CUST-000384,0,benign_control,0,,low,"Control group: ordinary customer behaviour, no planted scenario."
CUST-000398,0,benign_control,0,,low,"Control group: ordinary customer behaviour, no planted scenario."
CUST-000352,0,benign_control,0,,low,"Control group: ordinary customer behaviour, no planted scenario."
CUST-000308,0,benign_control,0,,low,"Control group: ordinary customer behaviour, no planted scenario."
CUST-000011,0,benign_control,0,,low,"Control group: ordinary customer behaviour, no planted scenario."
CUST-000413,0,benign_control,0,,low,"Control group: ordinary customer behaviour, no planted scenario."
CUST-000367,0,benign_control,0,,low,"Control group: ordinary customer behaviour, no planted scenario."
CUST-000433,0,benign_control,0,,low,"Control group: ordinary customer behaviour, no planted scenario."
CUST-000122,0,benign_control,0,,low,"Control group: ordinary customer behaviour, no planted scenario."
CUST-000464,0,benign_control,0,,low,"Control group: ordinary customer behaviour, no planted scenario."
CUST-000260,0,benign_control,0,,low,"Control group: ordinary customer behaviour, no planted scenario."
CUST-000069,0,benign_control,0,,low,"Control group: ordinary customer behaviour, no planted scenario."
CUST-000575,0,benign_control,0,,low,"Control group: ordinary customer behaviour, no planted scenario."
CUST-000191,0,benign_control,0,,low,"Control group: ordinary customer behaviour, no planted scenario."
CUST-000213,0,benign_control,0,,low,"Control group: ordinary customer behaviour, no planted scenario."
CUST-000124,0,benign_control,0,,low,"Control group: ordinary customer behaviour, no planted scenario."
CUST-000303,0,benign_control,0,,low,"Control group: ordinary customer behaviour, no planted scenario."
CUST-000032,0,benign_control,0,,low,"Control group: ordinary customer behaviour, no planted scenario."
CUST-000017,0,benign_control,0,,low,"Control group: ordinary customer behaviour, no planted scenario."
CUST-000025,0,benign_control,0,,low,"Control group: ordinary customer behaviour, no planted scenario."
CUST-000196,0,benign_control,0,,low,"Control group: ordinary customer behaviour, no planted scenario."
CUST-000099,0,benign_control,0,,low,"Control group: ordinary customer behaviour, no planted scenario."
CUST-000555,0,benign_control,0,,low,"Control group: ordinary customer behaviour, no planted scenario."
CUST-000215,0,benign_control,0,,low,"Control group: ordinary customer behaviour, no planted scenario."
CUST-000311,0,benign_control,0,,low,"Control group: ordinary customer behaviour, no planted scenario."
CUST-000416,0,benign_control,0,,low,"Control group: ordinary customer behaviour, no planted scenario."
CUST-000248,0,benign_control,0,,low,"Control group: ordinary customer behaviour, no planted scenario."
CUST-000314,0,benign_control,0,,low,"Control group: ordinary customer behaviour, no planted scenario."
CUST-000074,0,benign_control,0,,low,"Control group: ordinary customer behaviour, no planted scenario."
CUST-000148,0,benign_control,0,,low,"Control group: ordinary customer behaviour, no planted scenario."
CUST-000508,0,benign_control,0,,low,"Control group: ordinary customer behaviour, no planted scenario."
CUST-000111,0,benign_control,0,,low,"Control group: ordinary customer behaviour, no planted scenario."
CUST-000517,0,benign_control,0,,low,"Control group: ordinary customer behaviour, no planted scenario."
CUST-000001,0,benign_control,0,,low,"Control group: ordinary customer behaviour, no planted scenario."
CUST-000193,0,benign_control,0,,low,"Control group: ordinary customer behaviour, no planted scenario."
CUST-000160,0,benign_control,0,,low,"Control group: ordinary customer behaviour, no planted scenario."
CUST-000465,0,benign_control,0,,low,"Control group: ordinary customer behaviour, no planted scenario."
CUST-000232,0,benign_control,0,,low,"Control group: ordinary customer behaviour, no planted scenario."
CUST-000109,0,benign_control,0,,low,"Control group: ordinary customer behaviour, no planted scenario."
CUST-000418,0,benign_control,0,,low,"Control group: ordinary customer behaviour, no planted scenario."
CUST-000360,0,benign_control,0,,low,"Control group: ordinary customer behaviour, no planted scenario."
CUST-000225,0,benign_control,0,,low,"Control group: ordinary customer behaviour, no planted scenario."
CUST-000403,0,benign_control,0,,low,"Control group: ordinary customer behaviour, no planted scenario."
CUST-000536,0,benign_control,0,,low,"Control group: ordinary customer behaviour, no planted scenario."
CUST-000405,0,benign_control,0,,low,"Control group: ordinary customer behaviour, no planted scenario."
CUST-000562,0,benign_control,0,,low,"Control group: ordinary customer behaviour, no planted scenario."
CUST-000383,0,benign_control,0,,low,"Control group: ordinary customer behaviour, no planted scenario."
CUST-000334,0,benign_control,0,,low,"Control group: ordinary customer behaviour, no planted scenario."
CUST-000120,0,benign_control,0,,low,"Control group: ordinary customer behaviour, no planted scenario."
CUST-000501,0,benign_control,0,,low,"Control group: ordinary customer behaviour, no planted scenario."
CUST-000343,0,benign_control,0,,low,"Control group: ordinary customer behaviour, no planted scenario."
CUST-000233,0,benign_control,0,,low,"Control group: ordinary customer behaviour, no planted scenario."
CUST-000169,0,benign_control,0,,low,"Control group: ordinary customer behaviour, no planted scenario."
CUST-000564,0,benign_control,0,,low,"Control group: ordinary customer behaviour, no planted scenario."
