account_id,customer_id,account_number_masked,account_type,currency,opened_at,status,opening_balance,expected_daily_volume,branch_code
ACCT-000001-1,CUST-000001,XXXX-XXXX-8165,current,INR,2023-04-01,active,721588.68,3917.41,BR-033
ACCT-000001-2,CUST-000001,XXXX-XXXX-9570,current,INR,2023-04-02,active,512113.58,5350.54,BR-235
ACCT-000002-1,CUST-000002,XXXX-XXXX-2548,current,GBP,2023-07-27,active,648558.69,168051.83,BR-091
ACCT-000003-1,CUST-000003,XXXX-XXXX-2866,current,INR,2022-09-16,active,417128.17,122619.09,BR-216
ACCT-000004-1,CUST-000004,XXXX-XXXX-6143,current,USD,2019-10-07,active,410043.34,8596.84,BR-160
ACCT-000005-1,CUST-000005,XXXX-XXXX-4458,current,EUR,2021-09-16,active,672579.36,104470.0,BR-224
ACCT-000005-2,CUST-000005,XXXX-XXXX-1293,trade_finance,EUR,2021-07-16,active,105893.76,58788.13,BR-123
ACCT-000006-1,CUST-000006,XXXX-XXXX-8974,current,INR,2022-11-08,active,732006.1,39922.94,BR-177
ACCT-000007-1,CUST-000007,XXXX-XXXX-2435,trade_finance,GBP,2019-06-05,active,13474.45,12109.82,BR-005
ACCT-000007-2,CUST-000007,XXXX-XXXX-4428,trade_finance,GBP,2019-05-10,active,131493.62,15277.16,BR-216
ACCT-000008-1,CUST-000008,XXXX-XXXX-5930,current,AED,2021-03-28,active,134200.92,21514.09,BR-030
ACCT-000008-2,CUST-000008,XXXX-XXXX-8947,current,AED,2021-03-23,active,773957.0,25871.54,BR-052
ACCT-000009-1,CUST-000009,XXXX-XXXX-6469,trade_finance,GBP,2021-07-04,active,567738.48,146295.87,BR-107
ACCT-000010-1,CUST-000010,XXXX-XXXX-5764,savings,GBP,2017-10-05,active,360312.65,135519.95,BR-186
ACCT-000010-2,CUST-000010,XXXX-XXXX-4799,savings,GBP,2017-10-15,active,475949.62,121733.42,BR-081
ACCT-000011-1,CUST-000011,XXXX-XXXX-8755,loan_ledger,GBP,2021-09-06,active,560804.32,107103.7,BR-115
ACCT-000012-1,CUST-000012,XXXX-XXXX-8688,current,NGN,2025-02-05,active,209660.7,7371.77,BR-233
ACCT-000012-2,CUST-000012,XXXX-XXXX-8675,savings,NGN,2025-04-27,active,264761.24,13369.57,BR-107
ACCT-000013-1,CUST-000013,XXXX-XXXX-8738,trade_finance,INR,2024-01-21,active,760233.62,69736.33,BR-073
ACCT-000013-2,CUST-000013,XXXX-XXXX-8911,trade_finance,INR,2023-10-30,active,180336.32,68621.24,BR-026
ACCT-000014-1,CUST-000014,XXXX-XXXX-4845,credit_card,SGD,2023-01-16,active,43297.35,41114.51,BR-226
ACCT-000014-2,CUST-000014,XXXX-XXXX-3862,current,SGD,2023-02-08,active,805117.27,42527.31,BR-017
ACCT-000015-1,CUST-000015,XXXX-XXXX-4671,current,USD,2025-05-18,active,894302.88,109426.77,BR-197
ACCT-000016-1,CUST-000016,XXXX-XXXX-9444,trade_finance,INR,2023-08-11,active,94623.68,4659.13,BR-113
ACCT-000017-1,CUST-000017,XXXX-XXXX-2734,escrow,INR,2019-11-25,active,549080.61,11155.14,BR-027
ACCT-000017-2,CUST-000017,XXXX-XXXX-2727,trade_finance,INR,2019-08-26,active,107135.36,5294.88,BR-093
ACCT-000018-1,CUST-000018,XXXX-XXXX-9165,current,EUR,2021-03-31,active,90265.52,165705.14,BR-086
ACCT-000019-1,CUST-000019,XXXX-XXXX-7811,current,USD,2023-12-25,active,6922.23,158164.42,BR-122
ACCT-000019-2,CUST-000019,XXXX-XXXX-2396,current,USD,2024-02-02,active,643964.57,103714.19,BR-162
ACCT-000020-1,CUST-000020,XXXX-XXXX-7909,current,GBP,2025-04-11,active,125056.91,121537.38,BR-236
ACCT-000020-2,CUST-000020,XXXX-XXXX-6927,current,GBP,2025-03-04,dormant,398878.24,172536.01,BR-184
ACCT-000021-1,CUST-000021,XXXX-XXXX-6157,credit_card,SGD,2019-01-04,active,695363.01,74270.58,BR-101
ACCT-000021-2,CUST-000021,XXXX-XXXX-3473,savings,SGD,2019-03-19,active,52971.04,92190.8,BR-183
ACCT-000022-1,CUST-000022,XXXX-XXXX-7586,savings,USD,2021-04-24,active,631010.56,2301.59,BR-185
ACCT-000022-2,CUST-000022,XXXX-XXXX-1129,savings,USD,2021-07-12,active,810287.46,1820.21,BR-038
ACCT-000023-1,CUST-000023,XXXX-XXXX-8244,custody,EUR,2023-05-01,active,799019.73,32099.38,BR-104
ACCT-000023-2,CUST-000023,XXXX-XXXX-2380,custody,EUR,2023-07-26,active,301709.14,30545.18,BR-190
ACCT-000024-1,CUST-000024,XXXX-XXXX-4501,current,USD,2025-10-01,active,497055.48,139734.61,BR-194
ACCT-000024-2,CUST-000024,XXXX-XXXX-9846,current,USD,2025-07-26,active,217964.46,178730.06,BR-186
ACCT-000025-1,CUST-000025,XXXX-XXXX-7110,current,INR,2023-08-16,active,457241.94,4581.35,BR-194
ACCT-000026-1,CUST-000026,XXXX-XXXX-1085,current,INR,2017-02-08,active,884672.56,88365.34,BR-149
ACCT-000026-2,CUST-000026,XXXX-XXXX-9737,current,INR,2017-04-25,active,211220.27,50777.79,BR-171
ACCT-000027-1,CUST-000027,XXXX-XXXX-7187,savings,NGN,2025-06-25,active,223622.36,45130.16,BR-150
ACCT-000027-2,CUST-000027,XXXX-XXXX-8443,current,NGN,2025-07-08,active,640764.74,76839.53,BR-021
ACCT-000028-1,CUST-000028,XXXX-XXXX-4519,loan_ledger,INR,2021-09-23,active,332995.5,136534.39,BR-151
ACCT-000029-1,CUST-000029,XXXX-XXXX-9172,current,INR,2018-06-11,active,896864.09,162336.86,BR-126
ACCT-000030-1,CUST-000030,XXXX-XXXX-9286,current,AED,2022-04-13,active,640324.36,29320.79,BR-181
ACCT-000030-2,CUST-000030,XXXX-XXXX-4483,current,AED,2022-05-30,active,30314.04,30886.92,BR-144
ACCT-000031-1,CUST-000031,XXXX-XXXX-2807,savings,INR,2021-05-18,active,515016.51,13226.95,BR-040
ACCT-000032-1,CUST-000032,XXXX-XXXX-5816,current,USD,2020-11-19,active,712292.13,4161.74,BR-151
ACCT-000033-1,CUST-000033,XXXX-XXXX-4532,credit_card,NGN,2021-09-03,active,665954.63,21098.68,BR-141
ACCT-000034-1,CUST-000034,XXXX-XXXX-6074,trade_finance,INR,2022-02-19,active,810358.27,82218.06,BR-122
ACCT-000035-1,CUST-000035,XXXX-XXXX-9270,savings,INR,2018-05-09,active,685749.22,86390.54,BR-039
ACCT-000035-2,CUST-000035,XXXX-XXXX-7711,savings,INR,2018-06-03,active,810319.73,59432.59,BR-012
ACCT-000036-1,CUST-000036,XXXX-XXXX-2450,trade_finance,INR,2022-02-24,active,636780.55,7860.5,BR-204
ACCT-000036-2,CUST-000036,XXXX-XXXX-3028,current,INR,2021-12-31,active,77551.68,11009.04,BR-139
ACCT-000036-3,CUST-000036,XXXX-XXXX-9548,current,INR,2021-11-28,active,428776.29,10529.96,BR-031
ACCT-000037-1,CUST-000037,XXXX-XXXX-4371,current,AED,2018-08-05,active,635350.31,171723.81,BR-114
ACCT-000037-2,CUST-000037,XXXX-XXXX-6249,current,AED,2018-10-10,active,41440.3,168257.47,BR-006
ACCT-000038-1,CUST-000038,XXXX-XXXX-6199,current,EUR,2025-02-04,active,82831.55,157977.91,BR-139
ACCT-000039-1,CUST-000039,XXXX-XXXX-3526,current,EUR,2017-09-02,active,367141.51,43269.58,BR-158
ACCT-000040-1,CUST-000040,XXXX-XXXX-5882,current,INR,2018-11-14,active,288717.28,123454.99,BR-083
ACCT-000040-2,CUST-000040,XXXX-XXXX-1849,current,INR,2018-11-28,active,677168.23,150269.83,BR-127
ACCT-000040-3,CUST-000040,XXXX-XXXX-2885,current,INR,2018-10-18,active,287184.46,145175.2,BR-017
ACCT-000041-1,CUST-000041,XXXX-XXXX-5409,current,INR,2025-01-03,active,527969.26,35463.05,BR-196
ACCT-000042-1,CUST-000042,XXXX-XXXX-7664,custody,INR,2020-05-28,active,761803.79,64392.74,BR-201
ACCT-000043-1,CUST-000043,XXXX-XXXX-9806,current,SGD,2022-08-25,dormant,865255.55,149803.33,BR-011
ACCT-000043-2,CUST-000043,XXXX-XXXX-5739,current,SGD,2022-10-02,active,151476.12,70901.66,BR-236
ACCT-000043-3,CUST-000043,XXXX-XXXX-7228,current,SGD,2022-10-19,dormant,758352.37,95223.48,BR-216
ACCT-000044-1,CUST-000044,XXXX-XXXX-2145,current,NGN,2018-06-22,active,356379.11,28830.8,BR-036
ACCT-000045-1,CUST-000045,XXXX-XXXX-4454,credit_card,EUR,2025-01-14,active,861718.04,79266.42,BR-175
ACCT-000045-2,CUST-000045,XXXX-XXXX-8417,credit_card,EUR,2024-12-14,active,596387.05,79642.42,BR-054
ACCT-000046-1,CUST-000046,XXXX-XXXX-1033,current,INR,2025-06-05,active,4847.04,31820.05,BR-045
ACCT-000047-1,CUST-000047,XXXX-XXXX-7435,trade_finance,INR,2017-03-05,active,708787.41,13823.76,BR-020
ACCT-000048-1,CUST-000048,XXXX-XXXX-3022,savings,USD,2024-07-30,active,731690.34,78020.11,BR-092
ACCT-000049-1,CUST-000049,XXXX-XXXX-3044,current,INR,2024-09-30,active,842686.82,105513.87,BR-057
ACCT-000050-1,CUST-000050,XXXX-XXXX-4137,savings,AED,2020-09-03,active,552485.0,111433.13,BR-184
ACCT-000050-2,CUST-000050,XXXX-XXXX-1602,current,AED,2020-08-10,active,814152.32,176853.2,BR-054
ACCT-000051-1,CUST-000051,XXXX-XXXX-2817,current,INR,2019-01-11,active,512622.91,54160.99,BR-142
ACCT-000052-1,CUST-000052,XXXX-XXXX-3875,savings,SGD,2025-10-09,active,116293.51,59116.34,BR-067
ACCT-000053-1,CUST-000053,XXXX-XXXX-5494,trade_finance,GBP,2022-08-28,active,610502.87,101698.64,BR-178
ACCT-000053-2,CUST-000053,XXXX-XXXX-8437,current,GBP,2022-07-25,active,384975.91,78142.38,BR-167
ACCT-000053-3,CUST-000053,XXXX-XXXX-7666,current,GBP,2022-06-18,active,612475.95,62885.51,BR-093
ACCT-000054-1,CUST-000054,XXXX-XXXX-1769,current,USD,2023-01-31,active,378635.8,99763.42,BR-002
ACCT-000055-1,CUST-000055,XXXX-XXXX-1415,current,GBP,2019-04-07,dormant,203839.57,56441.13,BR-020
ACCT-000056-1,CUST-000056,XXXX-XXXX-2029,current,INR,2022-06-28,active,87956.76,15541.98,BR-207
ACCT-000056-2,CUST-000056,XXXX-XXXX-6477,current,INR,2022-08-27,active,223191.06,15427.11,BR-088
ACCT-000056-3,CUST-000056,XXXX-XXXX-9514,savings,INR,2022-08-30,active,849249.27,20859.06,BR-159
ACCT-000057-1,CUST-000057,XXXX-XXXX-3045,current,GBP,2023-09-27,active,55557.56,5450.82,BR-081
ACCT-000058-1,CUST-000058,XXXX-XXXX-2015,current,INR,2024-12-20,active,398284.64,53657.61,BR-161
ACCT-000058-2,CUST-000058,XXXX-XXXX-1855,current,INR,2024-09-24,active,343928.48,37574.8,BR-193
ACCT-000059-1,CUST-000059,XXXX-XXXX-1173,savings,USD,2019-07-19,active,418323.97,29410.93,BR-159
ACCT-000060-1,CUST-000060,XXXX-XXXX-8439,current,INR,2019-09-12,active,529444.21,2890.3,BR-004
ACCT-000061-1,CUST-000061,XXXX-XXXX-3064,current,USD,2018-03-21,active,231401.21,76122.85,BR-186
ACCT-000062-1,CUST-000062,XXXX-XXXX-1991,current,INR,2025-01-10,active,526485.54,143360.68,BR-167
ACCT-000062-2,CUST-000062,XXXX-XXXX-9866,savings,INR,2025-02-01,active,133520.75,110711.76,BR-088
ACCT-000063-1,CUST-000063,XXXX-XXXX-3369,credit_card,USD,2020-03-21,active,456889.97,155372.9,BR-220
ACCT-000064-1,CUST-000064,XXXX-XXXX-4297,current,INR,2025-06-27,active,308055.18,32147.97,BR-178
ACCT-000065-1,CUST-000065,XXXX-XXXX-6499,current,NGN,2021-01-01,active,377407.06,81325.84,BR-117
ACCT-000065-2,CUST-000065,XXXX-XXXX-9125,trade_finance,NGN,2021-01-29,active,4323.67,90358.91,BR-059
ACCT-000066-1,CUST-000066,XXXX-XXXX-7158,current,GBP,2025-05-28,active,166635.82,206101.31,BR-093
ACCT-000067-1,CUST-000067,XXXX-XXXX-3333,current,USD,2023-09-28,active,175768.7,156036.44,BR-196
ACCT-000068-1,CUST-000068,XXXX-XXXX-5654,current,GBP,2018-11-22,active,796958.62,43162.74,BR-087
ACCT-000069-1,CUST-000069,XXXX-XXXX-3884,current,INR,2017-09-06,active,819673.41,27022.41,BR-174
ACCT-000069-2,CUST-000069,XXXX-XXXX-6544,current,INR,2017-11-03,active,275260.07,41622.99,BR-208
ACCT-000070-1,CUST-000070,XXXX-XXXX-8106,current,SGD,2017-03-03,active,59774.39,26018.99,BR-237
ACCT-000071-1,CUST-000071,XXXX-XXXX-7131,current,USD,2020-10-29,active,387156.61,153888.72,BR-236
ACCT-000072-1,CUST-000072,XXXX-XXXX-5819,current,INR,2022-02-23,active,295584.86,9664.76,BR-204
ACCT-000073-1,CUST-000073,XXXX-XXXX-9011,current,INR,2019-12-06,active,74185.52,11264.66,BR-170
ACCT-000074-1,CUST-000074,XXXX-XXXX-9342,current,USD,2022-02-06,active,467484.24,86710.36,BR-183
ACCT-000075-1,CUST-000075,XXXX-XXXX-8762,loan_ledger,INR,2018-10-27,active,361450.52,143545.33,BR-150
ACCT-000076-1,CUST-000076,XXXX-XXXX-8406,current,USD,2022-04-29,active,356914.08,49413.25,BR-228
ACCT-000076-2,CUST-000076,XXXX-XXXX-5170,current,USD,2022-01-25,active,121762.95,33531.3,BR-114
ACCT-000077-1,CUST-000077,XXXX-XXXX-9392,current,INR,2018-01-01,active,384066.01,67982.41,BR-105
ACCT-000078-1,CUST-000078,XXXX-XXXX-1404,loan_ledger,GBP,2023-12-21,active,211177.57,171757.77,BR-092
ACCT-000079-1,CUST-000079,XXXX-XXXX-9956,current,INR,2024-08-18,active,707500.09,67299.78,BR-026
ACCT-000079-2,CUST-000079,XXXX-XXXX-9946,current,INR,2024-07-31,active,177785.04,36639.43,BR-078
ACCT-000079-3,CUST-000079,XXXX-XXXX-4123,savings,INR,2024-09-21,active,898198.14,70984.95,BR-193
ACCT-000080-1,CUST-000080,XXXX-XXXX-5906,current,INR,2017-05-20,active,312622.49,192084.03,BR-104
ACCT-000080-2,CUST-000080,XXXX-XXXX-1194,savings,INR,2017-07-22,active,461869.63,159313.79,BR-039
ACCT-000081-1,CUST-000081,XXXX-XXXX-8773,current,USD,2024-10-24,active,528716.27,14827.23,BR-120
ACCT-000081-2,CUST-000081,XXXX-XXXX-2406,current,USD,2024-09-21,active,169874.05,18268.38,BR-179
ACCT-000082-1,CUST-000082,XXXX-XXXX-1493,current,GBP,2017-02-16,active,520180.1,14723.03,BR-189
ACCT-000083-1,CUST-000083,XXXX-XXXX-6567,savings,INR,2020-09-08,active,383721.69,133020.45,BR-196
ACCT-000084-1,CUST-000084,XXXX-XXXX-1380,custody,AED,2016-11-23,active,29955.89,53115.47,BR-085
ACCT-000084-2,CUST-000084,XXXX-XXXX-7404,custody,AED,2017-01-23,dormant,184579.95,78621.17,BR-137
ACCT-000085-1,CUST-000085,XXXX-XXXX-8397,custody,INR,2025-06-26,active,274876.27,6205.72,BR-173
ACCT-000086-1,CUST-000086,XXXX-XXXX-9005,loan_ledger,INR,2024-04-28,active,179899.86,52958.74,BR-099
ACCT-000087-1,CUST-000087,XXXX-XXXX-2146,current,GBP,2019-04-18,active,332418.39,42255.3,BR-084
ACCT-000088-1,CUST-000088,XXXX-XXXX-3115,current,GBP,2023-01-21,active,430947.78,70869.98,BR-232
ACCT-000088-2,CUST-000088,XXXX-XXXX-6075,savings,GBP,2023-01-17,active,638994.78,134336.66,BR-155
ACCT-000089-1,CUST-000089,XXXX-XXXX-8519,current,GBP,2020-08-14,active,7691.53,4731.34,BR-017
ACCT-000090-1,CUST-000090,XXXX-XXXX-6388,savings,INR,2024-12-18,active,791436.21,127378.1,BR-148
ACCT-000090-2,CUST-000090,XXXX-XXXX-8476,current,INR,2024-11-28,active,758532.89,177456.99,BR-101
ACCT-000091-1,CUST-000091,XXXX-XXXX-5081,trade_finance,AED,2022-08-08,active,556345.13,18811.69,BR-099
ACCT-000092-1,CUST-000092,XXXX-XXXX-7447,current,INR,2023-11-23,active,40254.35,113128.72,BR-041
ACCT-000092-2,CUST-000092,XXXX-XXXX-5782,current,INR,2023-12-01,active,61002.73,98966.76,BR-231
ACCT-000092-3,CUST-000092,XXXX-XXXX-2986,current,INR,2023-11-14,dormant,69803.74,43628.43,BR-197
ACCT-000093-1,CUST-000093,XXXX-XXXX-4397,current,INR,2017-07-21,active,416488.57,4919.89,BR-178
ACCT-000093-2,CUST-000093,XXXX-XXXX-6630,savings,INR,2017-08-28,active,770340.06,8396.18,BR-003
ACCT-000094-1,CUST-000094,XXXX-XXXX-8606,current,GBP,2017-09-16,active,62345.22,44624.24,BR-063
ACCT-000095-1,CUST-000095,XXXX-XXXX-3643,current,USD,2019-11-12,active,17241.45,36224.18,BR-076
ACCT-000095-2,CUST-000095,XXXX-XXXX-3759,current,USD,2019-12-16,active,687466.55,79298.31,BR-040
ACCT-000096-1,CUST-000096,XXXX-XXXX-9721,current,SGD,2017-09-19,active,627371.38,201849.86,BR-208
ACCT-000097-1,CUST-000097,XXXX-XXXX-7399,savings,SGD,2024-10-18,active,400144.03,95779.24,BR-013
ACCT-000098-1,CUST-000098,XXXX-XXXX-7138,savings,SGD,2022-09-30,active,180787.14,10818.87,BR-008
ACCT-000098-2,CUST-000098,XXXX-XXXX-2035,credit_card,SGD,2022-07-17,active,794175.17,31905.16,BR-213
ACCT-000099-1,CUST-000099,XXXX-XXXX-9396,savings,INR,2024-05-17,active,295100.18,92138.57,BR-049
ACCT-000099-2,CUST-000099,XXXX-XXXX-7472,savings,INR,2024-09-08,active,109602.76,58241.33,BR-092
ACCT-000100-1,CUST-000100,XXXX-XXXX-1196,current,USD,2018-07-02,active,413439.56,14249.42,BR-209
ACCT-000101-1,CUST-000101,XXXX-XXXX-4580,current,GBP,2025-04-27,active,691023.07,119100.46,BR-027
ACCT-000102-1,CUST-000102,XXXX-XXXX-3809,current,SGD,2017-07-06,active,86175.37,26611.35,BR-162
ACCT-000102-2,CUST-000102,XXXX-XXXX-6440,current,SGD,2017-06-04,active,685782.94,40246.81,BR-218
ACCT-000103-1,CUST-000103,XXXX-XXXX-8354,current,GBP,2020-03-13,active,576892.17,954.83,BR-151
ACCT-000103-2,CUST-000103,XXXX-XXXX-1347,savings,GBP,2020-03-12,active,807204.7,1073.09,BR-189
ACCT-000104-1,CUST-000104,XXXX-XXXX-3253,current,AED,2021-12-31,active,267656.64,46560.57,BR-053
ACCT-000105-1,CUST-000105,XXXX-XXXX-8270,current,SGD,2025-09-10,active,296492.18,81545.58,BR-165
ACCT-000105-2,CUST-000105,XXXX-XXXX-7797,savings,SGD,2025-06-15,active,260321.14,50239.43,BR-217
ACCT-000106-1,CUST-000106,XXXX-XXXX-1885,current,GBP,2018-10-16,active,598840.41,26798.49,BR-176
ACCT-000106-2,CUST-000106,XXXX-XXXX-7250,savings,GBP,2018-10-18,active,166007.38,42948.39,BR-017
ACCT-000107-1,CUST-000107,XXXX-XXXX-3318,current,INR,2023-03-26,active,113879.34,18861.66,BR-141
ACCT-000107-2,CUST-000107,XXXX-XXXX-4871,savings,INR,2023-06-29,active,384189.59,28774.02,BR-043
ACCT-000108-1,CUST-000108,XXXX-XXXX-5079,current,EUR,2023-01-23,active,519203.23,153756.06,BR-052
ACCT-000108-2,CUST-000108,XXXX-XXXX-2310,current,EUR,2023-04-11,dormant,324264.16,86674.35,BR-121
ACCT-000109-1,CUST-000109,XXXX-XXXX-3553,custody,USD,2017-05-21,active,714409.18,22716.39,BR-098
ACCT-000110-1,CUST-000110,XXXX-XXXX-9801,current,GBP,2018-11-20,active,654256.76,51450.13,BR-119
ACCT-000111-1,CUST-000111,XXXX-XXXX-8878,current,SGD,2024-10-31,active,123854.06,109412.17,BR-040
ACCT-000112-1,CUST-000112,XXXX-XXXX-7131,current,AED,2022-05-07,active,833196.27,24026.49,BR-191
ACCT-000112-2,CUST-000112,XXXX-XXXX-2167,current,AED,2022-03-20,active,35905.38,23687.71,BR-099
ACCT-000112-3,CUST-000112,XXXX-XXXX-8148,credit_card,AED,2022-02-06,dormant,694372.07,20604.36,BR-090
ACCT-000113-1,CUST-000113,XXXX-XXXX-1945,custody,INR,2025-06-14,active,833940.36,178266.53,BR-063
ACCT-000114-1,CUST-000114,XXXX-XXXX-1462,credit_card,INR,2016-12-04,active,581154.85,31914.42,BR-117
ACCT-000115-1,CUST-000115,XXXX-XXXX-3644,current,USD,2024-10-27,active,694103.99,118175.22,BR-235
ACCT-000115-2,CUST-000115,XXXX-XXXX-2316,current,USD,2024-12-25,active,170752.1,92742.88,BR-213
ACCT-000115-3,CUST-000115,XXXX-XXXX-9202,custody,USD,2024-12-23,dormant,592978.97,88131.21,BR-079
ACCT-000116-1,CUST-000116,XXXX-XXXX-2790,current,NGN,2021-10-01,active,699245.31,64330.96,BR-037
ACCT-000116-2,CUST-000116,XXXX-XXXX-6047,current,NGN,2021-07-01,active,152390.42,77332.06,BR-025
ACCT-000117-1,CUST-000117,XXXX-XXXX-5724,savings,INR,2017-03-29,active,154400.2,103756.39,BR-181
ACCT-000118-1,CUST-000118,XXXX-XXXX-8383,current,SGD,2018-05-27,active,192103.46,73232.86,BR-192
ACCT-000119-1,CUST-000119,XXXX-XXXX-8220,savings,USD,2018-11-23,active,562354.89,209720.27,BR-043
ACCT-000120-1,CUST-000120,XXXX-XXXX-2052,loan_ledger,INR,2020-07-06,active,527496.11,30004.8,BR-173
ACCT-000121-1,CUST-000121,XXXX-XXXX-1685,current,INR,2021-07-31,active,470578.76,8543.11,BR-155
ACCT-000121-2,CUST-000121,XXXX-XXXX-8961,current,INR,2021-10-02,active,303989.94,17747.08,BR-095
ACCT-000122-1,CUST-000122,XXXX-XXXX-6918,current,INR,2020-11-08,active,341213.69,30421.61,BR-092
ACCT-000122-2,CUST-000122,XXXX-XXXX-1050,trade_finance,INR,2021-01-10,active,628779.13,76411.57,BR-228
ACCT-000123-1,CUST-000123,XXXX-XXXX-5578,current,EUR,2025-05-17,dormant,676544.33,86879.89,BR-116
ACCT-000123-2,CUST-000123,XXXX-XXXX-9436,savings,EUR,2025-07-25,active,169953.51,188097.78,BR-209
ACCT-000123-3,CUST-000123,XXXX-XXXX-1749,current,EUR,2025-07-22,dormant,662495.92,145800.11,BR-060
ACCT-000124-1,CUST-000124,XXXX-XXXX-6707,current,NGN,2017-05-09,active,838403.64,49395.65,BR-169
ACCT-000125-1,CUST-000125,XXXX-XXXX-5814,trade_finance,AED,2024-08-28,active,641035.83,181975.59,BR-225
ACCT-000125-2,CUST-000125,XXXX-XXXX-1520,current,AED,2024-09-13,active,717341.86,99506.75,BR-173
ACCT-000126-1,CUST-000126,XXXX-XXXX-8311,trade_finance,INR,2023-02-06,dormant,434469.52,84053.26,BR-063
ACCT-000126-2,CUST-000126,XXXX-XXXX-2465,current,INR,2023-03-15,active,894031.96,37593.2,BR-238
ACCT-000126-3,CUST-000126,XXXX-XXXX-5593,trade_finance,INR,2023-04-03,active,232608.06,78206.25,BR-230
ACCT-000127-1,CUST-000127,XXXX-XXXX-9060,savings,USD,2019-10-05,active,622914.31,3805.44,BR-239
ACCT-000127-2,CUST-000127,XXXX-XXXX-2059,current,USD,2019-10-05,active,339932.28,3337.55,BR-189
ACCT-000128-1,CUST-000128,XXXX-XXXX-8159,savings,AED,2017-04-09,active,201972.2,70567.37,BR-023
ACCT-000128-2,CUST-000128,XXXX-XXXX-4082,current,AED,2017-02-11,active,105379.5,106118.26,BR-219
ACCT-000129-1,CUST-000129,XXXX-XXXX-6092,current,USD,2023-11-12,active,482507.13,9607.85,BR-109
ACCT-000130-1,CUST-000130,XXXX-XXXX-9515,loan_ledger,INR,2021-06-02,active,532107.61,30461.77,BR-003
ACCT-000131-1,CUST-000131,XXXX-XXXX-4586,loan_ledger,INR,2020-10-19,active,410750.29,166435.1,BR-038
ACCT-000132-1,CUST-000132,XXXX-XXXX-6245,current,GBP,2025-01-04,active,891311.27,28362.88,BR-218
ACCT-000132-2,CUST-000132,XXXX-XXXX-4534,current,GBP,2024-11-21,active,634022.29,42499.94,BR-208
ACCT-000133-1,CUST-000133,XXXX-XXXX-1861,savings,INR,2017-09-03,active,698658.82,196178.85,BR-187
ACCT-000134-1,CUST-000134,XXXX-XXXX-1353,savings,INR,2018-05-09,active,304331.72,26492.91,BR-090
ACCT-000135-1,CUST-000135,XXXX-XXXX-5626,current,GBP,2023-03-10,active,176387.87,204090.25,BR-101
ACCT-000135-2,CUST-000135,XXXX-XXXX-1886,current,GBP,2023-02-12,active,638919.19,138511.29,BR-042
ACCT-000136-1,CUST-000136,XXXX-XXXX-3372,current,INR,2021-09-13,active,724118.24,18815.09,BR-167
ACCT-000137-1,CUST-000137,XXXX-XXXX-3418,savings,USD,2017-12-15,active,884447.79,37104.72,BR-044
ACCT-000138-1,CUST-000138,XXXX-XXXX-1859,loan_ledger,GBP,2018-03-02,active,464376.23,69005.79,BR-112
ACCT-000138-2,CUST-000138,XXXX-XXXX-5014,current,GBP,2018-03-22,active,217529.02,83333.71,BR-177
ACCT-000138-3,CUST-000138,XXXX-XXXX-7150,loan_ledger,GBP,2018-01-23,active,892056.4,100712.53,BR-023
ACCT-000139-1,CUST-000139,XXXX-XXXX-5509,current,SGD,2016-12-23,active,401161.33,16324.03,BR-030
ACCT-000139-2,CUST-000139,XXXX-XXXX-9351,loan_ledger,SGD,2016-12-02,active,528578.59,56524.46,BR-123
ACCT-000140-1,CUST-000140,XXXX-XXXX-3967,savings,USD,2019-09-28,active,899958.82,135554.77,BR-077
ACCT-000141-1,CUST-000141,XXXX-XXXX-4029,current,GBP,2024-04-07,active,630966.98,17462.52,BR-210
ACCT-000142-1,CUST-000142,XXXX-XXXX-9501,current,INR,2020-03-07,active,485544.63,72349.82,BR-167
ACCT-000143-1,CUST-000143,XXXX-XXXX-3960,current,SGD,2018-10-04,active,625999.08,6391.37,BR-115
ACCT-000144-1,CUST-000144,XXXX-XXXX-4378,current,NGN,2018-04-22,active,79951.02,91767.3,BR-193
ACCT-000144-2,CUST-000144,XXXX-XXXX-5891,current,NGN,2018-04-21,active,490440.01,115560.0,BR-169
ACCT-000145-1,CUST-000145,XXXX-XXXX-9750,current,NGN,2018-07-12,active,519787.25,93325.71,BR-134
ACCT-000146-1,CUST-000146,XXXX-XXXX-9365,trade_finance,USD,2023-02-11,active,90009.21,101226.35,BR-061
ACCT-000146-2,CUST-000146,XXXX-XXXX-4526,current,USD,2022-12-14,dormant,542327.8,50484.25,BR-092
ACCT-000146-3,CUST-000146,XXXX-XXXX-7914,current,USD,2023-02-27,active,230215.67,64414.66,BR-232
ACCT-000147-1,CUST-000147,XXXX-XXXX-3346,current,INR,2021-04-07,active,64431.68,46999.4,BR-163
ACCT-000148-1,CUST-000148,XXXX-XXXX-9379,current,INR,2022-07-11,active,378298.14,75896.33,BR-202
ACCT-000148-2,CUST-000148,XXXX-XXXX-5055,current,INR,2022-05-28,active,113034.48,69760.76,BR-141
ACCT-000149-1,CUST-000149,XXXX-XXXX-6464,current,INR,2019-11-28,active,132550.34,44306.49,BR-071
ACCT-000150-1,CUST-000150,XXXX-XXXX-2720,current,INR,2018-03-09,active,112029.64,21322.3,BR-225
ACCT-000151-1,CUST-000151,XXXX-XXXX-9666,trade_finance,AED,2021-04-30,active,515370.11,95386.73,BR-070
ACCT-000152-1,CUST-000152,XXXX-XXXX-7382,trade_finance,INR,2021-07-10,active,725670.41,92206.45,BR-202
ACCT-000153-1,CUST-000153,XXXX-XXXX-8812,current,USD,2020-10-27,active,233895.87,30368.98,BR-183
ACCT-000154-1,CUST-000154,XXXX-XXXX-5380,current,INR,2020-01-25,active,653151.93,230850.27,BR-182
ACCT-000155-1,CUST-000155,XXXX-XXXX-3999,savings,SGD,2019-02-07,active,319247.27,85635.49,BR-074
ACCT-000155-2,CUST-000155,XXXX-XXXX-4748,current,SGD,2019-02-08,active,772271.41,133686.83,BR-105
ACCT-000156-1,CUST-000156,XXXX-XXXX-2256,trade_finance,USD,2018-10-26,active,850435.39,18275.51,BR-015
ACCT-000156-2,CUST-000156,XXXX-XXXX-9074,current,USD,2018-09-11,active,10614.52,44315.47,BR-174
ACCT-000157-1,CUST-000157,XXXX-XXXX-9437,savings,INR,2020-03-10,active,609419.97,115675.42,BR-032
ACCT-000158-1,CUST-000158,XXXX-XXXX-7962,current,USD,2021-09-28,active,674951.49,66551.0,BR-190
ACCT-000159-1,CUST-000159,XXXX-XXXX-1693,savings,INR,2022-08-14,active,868218.0,171427.52,BR-226
ACCT-000159-2,CUST-000159,XXXX-XXXX-3864,custody,INR,2022-08-17,active,755628.63,145395.01,BR-014
ACCT-000160-1,CUST-000160,XXXX-XXXX-6537,current,USD,2021-05-09,active,225538.94,6927.16,BR-197
ACCT-000161-1,CUST-000161,XXXX-XXXX-5337,current,GBP,2023-06-02,active,664485.12,45040.25,BR-056
ACCT-000161-2,CUST-000161,XXXX-XXXX-9446,credit_card,GBP,2023-07-29,active,32850.79,40043.08,BR-159
ACCT-000162-1,CUST-000162,XXXX-XXXX-8542,current,USD,2018-02-20,active,319149.58,434.07,BR-228
ACCT-000162-2,CUST-000162,XXXX-XXXX-1145,current,USD,2018-04-12,active,443349.46,522.71,BR-132
ACCT-000163-1,CUST-000163,XXXX-XXXX-1113,custody,INR,2020-08-12,active,591313.47,9590.48,BR-102
ACCT-000163-2,CUST-000163,XXXX-XXXX-3984,current,INR,2020-06-03,active,243264.03,21576.79,BR-169
ACCT-000164-1,CUST-000164,XXXX-XXXX-1095,current,AED,2021-02-01,active,783592.15,40199.31,BR-049
ACCT-000164-2,CUST-000164,XXXX-XXXX-7898,current,AED,2021-01-04,active,810997.03,37568.99,BR-051
ACCT-000165-1,CUST-000165,XXXX-XXXX-7899,credit_card,AED,2025-08-22,active,446515.27,52762.06,BR-033
ACCT-000165-2,CUST-000165,XXXX-XXXX-9222,current,AED,2025-10-24,active,667961.99,59882.23,BR-034
ACCT-000165-3,CUST-000165,XXXX-XXXX-3066,current,AED,2025-08-01,active,450500.84,56999.86,BR-061
ACCT-000166-1,CUST-000166,XXXX-XXXX-1131,current,GBP,2020-07-19,active,261230.5,2311.19,BR-195
ACCT-000167-1,CUST-000167,XXXX-XXXX-4061,trade_finance,USD,2019-01-20,active,690288.12,144953.65,BR-180
ACCT-000168-1,CUST-000168,XXXX-XXXX-2688,savings,GBP,2022-10-17,active,452598.22,1242.72,BR-219
ACCT-000169-1,CUST-000169,XXXX-XXXX-3167,savings,INR,2022-04-16,active,247201.61,76995.48,BR-038
ACCT-000170-1,CUST-000170,XXXX-XXXX-7231,current,NGN,2023-03-16,active,276494.91,133680.74,BR-060
ACCT-000171-1,CUST-000171,XXXX-XXXX-7997,current,USD,2019-10-11,active,274556.7,64968.25,BR-072
ACCT-000172-1,CUST-000172,XXXX-XXXX-1779,savings,SGD,2018-02-08,active,1481.8,10291.77,BR-083
ACCT-000172-2,CUST-000172,XXXX-XXXX-2650,current,SGD,2018-03-09,active,227784.48,8626.01,BR-086
ACCT-000172-3,CUST-000172,XXXX-XXXX-1223,current,SGD,2018-01-20,active,693646.82,5071.04,BR-093
ACCT-000173-1,CUST-000173,XXXX-XXXX-9664,current,GBP,2020-09-26,active,215188.75,5322.21,BR-150
ACCT-000173-2,CUST-000173,XXXX-XXXX-3137,current,GBP,2020-10-10,active,542049.78,3429.53,BR-234
ACCT-000174-1,CUST-000174,XXXX-XXXX-2616,current,USD,2020-06-03,active,492374.54,56648.5,BR-186
ACCT-000174-2,CUST-000174,XXXX-XXXX-9741,current,USD,2020-08-15,active,40386.18,44875.85,BR-141
ACCT-000175-1,CUST-000175,XXXX-XXXX-6690,savings,USD,2018-08-03,active,404185.52,101123.08,BR-234
ACCT-000175-2,CUST-000175,XXXX-XXXX-9581,current,USD,2018-06-28,active,453978.62,37302.85,BR-154
ACCT-000176-1,CUST-000176,XXXX-XXXX-1996,escrow,AED,2018-03-14,active,624729.2,36962.35,BR-102
ACCT-000177-1,CUST-000177,XXXX-XXXX-3711,current,USD,2023-02-17,active,458841.25,143214.22,BR-100
ACCT-000178-1,CUST-000178,XXXX-XXXX-3621,current,GBP,2023-04-12,active,533309.37,16222.53,BR-238
ACCT-000179-1,CUST-000179,XXXX-XXXX-5240,custody,USD,2022-10-23,active,199082.36,128652.26,BR-142
ACCT-000179-2,CUST-000179,XXXX-XXXX-9741,current,USD,2022-08-22,active,36142.52,62715.7,BR-227
ACCT-000180-1,CUST-000180,XXXX-XXXX-5079,current,EUR,2017-02-21,dormant,189765.17,73743.7,BR-167
ACCT-000181-1,CUST-000181,XXXX-XXXX-2363,loan_ledger,INR,2019-06-22,dormant,795703.76,37226.68,BR-035
ACCT-000182-1,CUST-000182,XXXX-XXXX-1170,loan_ledger,SGD,2017-08-21,active,198132.35,44262.52,BR-046
ACCT-000183-1,CUST-000183,XXXX-XXXX-2743,current,USD,2022-02-23,active,619615.74,210876.92,BR-066
ACCT-000184-1,CUST-000184,XXXX-XXXX-8244,current,GBP,2022-03-27,active,242645.36,78162.07,BR-207
ACCT-000184-2,CUST-000184,XXXX-XXXX-8308,trade_finance,GBP,2022-03-07,active,653931.23,60930.63,BR-231
ACCT-000185-1,CUST-000185,XXXX-XXXX-3885,current,INR,2022-04-20,active,441976.03,57174.67,BR-166
ACCT-000186-1,CUST-000186,XXXX-XXXX-7458,current,GBP,2019-10-14,active,169875.37,58784.2,BR-110
ACCT-000187-1,CUST-000187,XXXX-XXXX-9630,trade_finance,AED,2024-03-21,active,675649.34,57666.23,BR-026
ACCT-000188-1,CUST-000188,XXXX-XXXX-1716,current,USD,2024-05-24,active,693335.75,6967.3,BR-161
ACCT-000189-1,CUST-000189,XXXX-XXXX-9886,current,USD,2025-06-23,active,305212.54,152647.23,BR-052
ACCT-000190-1,CUST-000190,XXXX-XXXX-3672,savings,INR,2023-10-23,active,431538.64,40720.71,BR-140
ACCT-000191-1,CUST-000191,XXXX-XXXX-1729,savings,INR,2018-01-08,active,267767.9,118036.2,BR-215
ACCT-000191-2,CUST-000191,XXXX-XXXX-1393,current,INR,2017-12-24,active,347459.37,97194.82,BR-074
ACCT-000192-1,CUST-000192,XXXX-XXXX-9057,savings,GBP,2018-08-23,active,100011.95,82392.17,BR-073
ACCT-000193-1,CUST-000193,XXXX-XXXX-2389,loan_ledger,NGN,2017-12-05,active,544451.24,55013.32,BR-136
ACCT-000194-1,CUST-000194,XXXX-XXXX-5940,current,SGD,2019-03-20,active,259017.99,65554.28,BR-070
ACCT-000195-1,CUST-000195,XXXX-XXXX-2251,savings,SGD,2022-04-04,active,775680.86,171125.42,BR-200
ACCT-000195-2,CUST-000195,XXXX-XXXX-7399,savings,SGD,2022-01-15,active,717368.81,170910.66,BR-209
ACCT-000195-3,CUST-000195,XXXX-XXXX-5562,current,SGD,2022-02-17,active,291425.02,64316.68,BR-197
ACCT-000196-1,CUST-000196,XXXX-XXXX-7782,current,GBP,2023-03-13,active,573307.16,2794.75,BR-168
ACCT-000197-1,CUST-000197,XXXX-XXXX-9826,current,GBP,2019-08-22,active,479694.51,166880.93,BR-099
ACCT-000197-2,CUST-000197,XXXX-XXXX-9633,current,GBP,2019-09-12,active,624455.56,156762.98,BR-180
ACCT-000197-3,CUST-000197,XXXX-XXXX-4330,current,GBP,2019-07-29,dormant,16422.03,130484.63,BR-035
ACCT-000198-1,CUST-000198,XXXX-XXXX-3283,current,INR,2017-06-23,active,130582.08,77400.66,BR-239
ACCT-000198-2,CUST-000198,XXXX-XXXX-4679,credit_card,INR,2017-06-10,active,124883.38,84199.55,BR-181
ACCT-000198-3,CUST-000198,XXXX-XXXX-7958,current,INR,2017-08-11,active,631560.19,65485.71,BR-019
ACCT-000199-1,CUST-000199,XXXX-XXXX-3406,current,INR,2019-06-17,active,72014.97,47809.0,BR-146
ACCT-000200-1,CUST-000200,XXXX-XXXX-8696,loan_ledger,INR,2017-03-06,active,673548.3,97950.33,BR-077
ACCT-000200-2,CUST-000200,XXXX-XXXX-8274,loan_ledger,INR,2017-03-01,active,626027.07,60712.32,BR-040
ACCT-000201-1,CUST-000201,XXXX-XXXX-9245,savings,INR,2024-03-23,active,357355.23,50703.41,BR-225
ACCT-000202-1,CUST-000202,XXXX-XXXX-9222,trade_finance,GBP,2020-08-09,active,205356.05,100582.41,BR-070
ACCT-000203-1,CUST-000203,XXXX-XXXX-7560,current,SGD,2022-04-29,active,197796.87,95335.33,BR-191
ACCT-000203-2,CUST-000203,XXXX-XXXX-8674,escrow,SGD,2022-06-29,active,587777.26,132476.78,BR-098
ACCT-000203-3,CUST-000203,XXXX-XXXX-7950,current,SGD,2022-07-24,active,98452.39,77572.82,BR-155
ACCT-000204-1,CUST-000204,XXXX-XXXX-3666,current,INR,2024-06-15,active,59721.93,116071.92,BR-194
ACCT-000204-2,CUST-000204,XXXX-XXXX-4305,credit_card,INR,2024-06-09,active,30097.75,77298.44,BR-146
ACCT-000205-1,CUST-000205,XXXX-XXXX-1748,current,AED,2022-08-29,active,84796.63,49250.45,BR-092
ACCT-000206-1,CUST-000206,XXXX-XXXX-6152,credit_card,INR,2017-10-21,active,653393.62,94552.92,BR-180
ACCT-000206-2,CUST-000206,XXXX-XXXX-9250,savings,INR,2017-09-29,active,726937.41,37223.67,BR-151
ACCT-000207-1,CUST-000207,XXXX-XXXX-5753,loan_ledger,SGD,2025-07-17,active,614454.21,51293.16,BR-161
ACCT-000207-2,CUST-000207,XXXX-XXXX-4533,loan_ledger,SGD,2025-06-27,active,589143.91,127681.69,BR-042
ACCT-000208-1,CUST-000208,XXXX-XXXX-9573,current,INR,2018-08-25,active,307932.35,81192.4,BR-087
ACCT-000208-2,CUST-000208,XXXX-XXXX-1655,current,INR,2018-08-11,active,696983.33,53591.93,BR-054
ACCT-000208-3,CUST-000208,XXXX-XXXX-3496,credit_card,INR,2018-08-09,active,894969.67,33450.92,BR-004
ACCT-000209-1,CUST-000209,XXXX-XXXX-9174,savings,GBP,2022-12-10,active,283033.11,102049.82,BR-042
ACCT-000210-1,CUST-000210,XXXX-XXXX-2165,current,USD,2021-11-27,active,694974.52,38886.52,BR-122
ACCT-000211-1,CUST-000211,XXXX-XXXX-3301,savings,INR,2020-06-18,active,874540.9,122615.59,BR-094
ACCT-000211-2,CUST-000211,XXXX-XXXX-3113,savings,INR,2020-06-13,active,461718.85,141772.35,BR-081
ACCT-000211-3,CUST-000211,XXXX-XXXX-9289,current,INR,2020-07-19,active,789790.35,193272.17,BR-011
ACCT-000212-1,CUST-000212,XXXX-XXXX-1130,savings,GBP,2017-08-08,active,95662.91,30687.23,BR-146
ACCT-000212-2,CUST-000212,XXXX-XXXX-7360,current,GBP,2017-05-15,active,602566.36,29602.34,BR-120
ACCT-000213-1,CUST-000213,XXXX-XXXX-2406,trade_finance,INR,2025-06-26,active,98405.15,175355.2,BR-102
ACCT-000213-2,CUST-000213,XXXX-XXXX-6385,current,INR,2025-05-23,active,308838.77,129019.74,BR-055
ACCT-000214-1,CUST-000214,XXXX-XXXX-1627,current,AED,2021-08-23,active,853731.78,56217.2,BR-055
ACCT-000214-2,CUST-000214,XXXX-XXXX-7230,current,AED,2021-07-23,active,727871.69,124514.56,BR-122
ACCT-000215-1,CUST-000215,XXXX-XXXX-5421,current,GBP,2023-09-21,active,159318.95,61357.07,BR-071
ACCT-000216-1,CUST-000216,XXXX-XXXX-7876,current,INR,2018-02-14,active,603010.32,42922.43,BR-213
ACCT-000217-1,CUST-000217,XXXX-XXXX-5864,trade_finance,USD,2019-07-30,active,314999.36,132610.3,BR-122
ACCT-000218-1,CUST-000218,XXXX-XXXX-6811,savings,AED,2018-07-28,active,513714.87,35227.85,BR-144
ACCT-000219-1,CUST-000219,XXXX-XXXX-3369,current,AED,2022-08-05,active,887744.78,170423.35,BR-191
ACCT-000219-2,CUST-000219,XXXX-XXXX-1232,savings,AED,2022-10-28,active,413334.5,68512.89,BR-222
ACCT-000220-1,CUST-000220,XXXX-XXXX-5305,current,INR,2017-03-12,active,4305.53,143285.3,BR-214
ACCT-000221-1,CUST-000221,XXXX-XXXX-2596,trade_finance,USD,2025-07-05,active,671391.08,20916.6,BR-179
ACCT-000221-2,CUST-000221,XXXX-XXXX-7185,current,USD,2025-05-06,active,189577.01,21044.6,BR-174
ACCT-000222-1,CUST-000222,XXXX-XXXX-1265,current,SGD,2021-02-18,active,276961.91,124630.9,BR-032
ACCT-000223-1,CUST-000223,XXXX-XXXX-7723,savings,USD,2022-10-23,active,745539.09,13536.16,BR-196
ACCT-000223-2,CUST-000223,XXXX-XXXX-8517,current,USD,2022-12-22,active,160028.75,16359.46,BR-139
ACCT-000224-1,CUST-000224,XXXX-XXXX-5640,loan_ledger,EUR,2018-01-05,active,844173.48,170397.94,BR-026
ACCT-000225-1,CUST-000225,XXXX-XXXX-1269,current,USD,2021-01-15,active,370740.42,106146.6,BR-193
ACCT-000225-2,CUST-000225,XXXX-XXXX-8276,current,USD,2021-03-12,active,725477.71,126785.69,BR-219
ACCT-000225-3,CUST-000225,XXXX-XXXX-7243,current,USD,2021-01-30,active,770852.03,160862.83,BR-090
ACCT-000226-1,CUST-000226,XXXX-XXXX-7484,credit_card,GBP,2017-02-10,active,337804.78,70099.73,BR-073
ACCT-000226-2,CUST-000226,XXXX-XXXX-6036,current,GBP,2017-03-14,active,715829.25,92075.87,BR-062
ACCT-000226-3,CUST-000226,XXXX-XXXX-1535,current,GBP,2017-04-15,active,138884.44,87432.43,BR-210
ACCT-000227-1,CUST-000227,XXXX-XXXX-3792,current,AED,2020-12-10,dormant,893553.38,14298.46,BR-101
ACCT-000228-1,CUST-000228,XXXX-XXXX-8030,trade_finance,SGD,2024-10-28,active,573009.87,234150.6,BR-045
ACCT-000229-1,CUST-000229,XXXX-XXXX-4784,current,USD,2022-04-27,active,721253.6,12875.35,BR-162
ACCT-000230-1,CUST-000230,XXXX-XXXX-5263,current,GBP,2021-02-06,active,143988.8,72817.75,BR-024
ACCT-000231-1,CUST-000231,XXXX-XXXX-3507,current,INR,2021-02-18,active,637110.75,83334.67,BR-021
ACCT-000232-1,CUST-000232,XXXX-XXXX-8433,current,AED,2018-04-24,active,700053.18,34848.89,BR-168
ACCT-000233-1,CUST-000233,XXXX-XXXX-7194,current,INR,2018-02-19,active,593672.67,40282.77,BR-240
ACCT-000233-2,CUST-000233,XXXX-XXXX-2694,current,INR,2017-12-15,active,834551.92,30982.49,BR-037
ACCT-000234-1,CUST-000234,XXXX-XXXX-9097,savings,INR,2024-09-25,active,821534.5,80040.42,BR-026
ACCT-000235-1,CUST-000235,XXXX-XXXX-2250,loan_ledger,USD,2019-11-14,active,378496.5,210883.87,BR-163
ACCT-000236-1,CUST-000236,XXXX-XXXX-1166,savings,INR,2024-12-01,active,594040.09,23430.2,BR-219
ACCT-000236-2,CUST-000236,XXXX-XXXX-8928,current,INR,2024-12-21,dormant,540393.59,8986.85,BR-134
ACCT-000236-3,CUST-000236,XXXX-XXXX-4159,savings,INR,2025-03-06,active,482822.81,20818.8,BR-195
ACCT-000237-1,CUST-000237,XXXX-XXXX-1483,savings,USD,2017-01-18,active,198565.24,182926.36,BR-033
ACCT-000238-1,CUST-000238,XXXX-XXXX-5822,current,USD,2020-12-06,active,728301.55,72820.37,BR-103
ACCT-000239-1,CUST-000239,XXXX-XXXX-7436,current,INR,2019-02-21,active,714044.76,160675.46,BR-043
ACCT-000239-2,CUST-000239,XXXX-XXXX-8101,custody,INR,2019-04-29,active,381939.85,187036.24,BR-209
ACCT-000239-3,CUST-000239,XXXX-XXXX-7275,current,INR,2019-02-09,active,510860.69,125370.55,BR-162
ACCT-000240-1,CUST-000240,XXXX-XXXX-9378,current,INR,2020-11-15,active,369417.63,126959.59,BR-225
ACCT-000240-2,CUST-000240,XXXX-XXXX-7525,savings,INR,2020-09-30,active,162733.91,90843.01,BR-203
ACCT-000241-1,CUST-000241,XXXX-XXXX-7089,current,INR,2020-02-27,active,701783.58,22860.34,BR-082
ACCT-000242-1,CUST-000242,XXXX-XXXX-6268,savings,AED,2017-01-27,active,505914.88,95144.88,BR-155
ACCT-000242-2,CUST-000242,XXXX-XXXX-5555,current,AED,2017-01-27,active,851697.68,147254.95,BR-172
ACCT-000243-1,CUST-000243,XXXX-XXXX-6206,trade_finance,GBP,2025-03-04,active,179137.22,3404.87,BR-127
ACCT-000244-1,CUST-000244,XXXX-XXXX-3033,credit_card,GBP,2023-10-15,active,541686.18,125328.32,BR-061
ACCT-000245-1,CUST-000245,XXXX-XXXX-1076,current,INR,2024-12-31,active,256644.87,38337.94,BR-104
ACCT-000246-1,CUST-000246,XXXX-XXXX-6527,custody,EUR,2022-09-01,active,63439.25,46928.18,BR-206
ACCT-000247-1,CUST-000247,XXXX-XXXX-7559,current,INR,2020-03-24,active,697377.48,141981.48,BR-013
ACCT-000248-1,CUST-000248,XXXX-XXXX-2989,savings,GBP,2025-10-17,active,843995.68,8875.77,BR-058
ACCT-000249-1,CUST-000249,XXXX-XXXX-8138,current,GBP,2017-09-15,active,80127.03,134759.71,BR-208
ACCT-000250-1,CUST-000250,XXXX-XXXX-5254,credit_card,AED,2019-12-25,active,39725.49,49706.49,BR-078
ACCT-000251-1,CUST-000251,XXXX-XXXX-5422,current,INR,2018-01-02,active,832447.71,23020.57,BR-031
ACCT-000252-1,CUST-000252,XXXX-XXXX-7771,savings,INR,2022-05-23,active,601743.49,71106.39,BR-062
ACCT-000253-1,CUST-000253,XXXX-XXXX-8908,savings,INR,2017-11-04,active,238167.02,17629.91,BR-022
ACCT-000254-1,CUST-000254,XXXX-XXXX-4373,savings,GBP,2022-10-26,active,68554.82,114053.9,BR-055
ACCT-000255-1,CUST-000255,XXXX-XXXX-4078,current,INR,2025-10-20,active,307064.68,77499.26,BR-195
ACCT-000256-1,CUST-000256,XXXX-XXXX-8438,current,INR,2025-01-27,active,763178.47,68760.47,BR-034
ACCT-000257-1,CUST-000257,XXXX-XXXX-9412,current,GBP,2020-12-12,active,360784.21,27870.7,BR-109
ACCT-000258-1,CUST-000258,XXXX-XXXX-2672,current,GBP,2019-01-25,active,788700.42,93923.92,BR-062
ACCT-000259-1,CUST-000259,XXXX-XXXX-8802,current,INR,2019-11-06,active,407924.18,88152.87,BR-238
ACCT-000260-1,CUST-000260,XXXX-XXXX-7503,current,AED,2020-02-03,active,457626.21,40218.25,BR-070
ACCT-000261-1,CUST-000261,XXXX-XXXX-4177,current,EUR,2018-06-01,active,363020.2,169023.92,BR-136
ACCT-000262-1,CUST-000262,XXXX-XXXX-5078,current,EUR,2023-09-27,dormant,198402.21,53404.17,BR-010
ACCT-000263-1,CUST-000263,XXXX-XXXX-5513,current,USD,2020-04-25,active,558578.45,100529.12,BR-101
ACCT-000264-1,CUST-000264,XXXX-XXXX-9112,current,USD,2017-11-24,active,707369.16,2936.43,BR-074
ACCT-000265-1,CUST-000265,XXXX-XXXX-4032,current,INR,2021-07-23,active,630723.63,48292.62,BR-079
ACCT-000265-2,CUST-000265,XXXX-XXXX-3789,trade_finance,INR,2021-10-19,active,63439.72,32066.73,BR-231
ACCT-000266-1,CUST-000266,XXXX-XXXX-8011,escrow,GBP,2018-08-08,active,160586.03,42616.79,BR-020
ACCT-000267-1,CUST-000267,XXXX-XXXX-6769,savings,AED,2017-01-03,dormant,525259.81,146400.08,BR-064
ACCT-000268-1,CUST-000268,XXXX-XXXX-5762,current,INR,2021-12-10,active,473217.0,42793.54,BR-038
ACCT-000269-1,CUST-000269,XXXX-XXXX-8415,current,USD,2017-02-07,active,316352.16,142663.72,BR-170
ACCT-000269-2,CUST-000269,XXXX-XXXX-1222,current,USD,2016-12-13,active,271719.5,110157.73,BR-133
ACCT-000270-1,CUST-000270,XXXX-XXXX-8935,current,GBP,2020-08-03,active,617519.96,87181.45,BR-006
ACCT-000270-2,CUST-000270,XXXX-XXXX-3320,loan_ledger,GBP,2020-06-01,active,28783.3,75380.68,BR-179
ACCT-000271-1,CUST-000271,XXXX-XXXX-4175,current,INR,2022-01-28,active,340622.66,80415.13,BR-071
ACCT-000271-2,CUST-000271,XXXX-XXXX-8360,savings,INR,2022-01-19,dormant,788607.46,91357.17,BR-234
ACCT-000271-3,CUST-000271,XXXX-XXXX-7406,savings,INR,2022-02-15,active,850794.58,107894.96,BR-049
ACCT-000272-1,CUST-000272,XXXX-XXXX-3014,current,EUR,2020-12-06,active,410069.88,12835.15,BR-203
ACCT-000273-1,CUST-000273,XXXX-XXXX-3410,current,INR,2022-09-05,active,136054.75,196760.17,BR-160
ACCT-000274-1,CUST-000274,XXXX-XXXX-2058,current,INR,2018-05-25,active,15017.57,21590.83,BR-073
ACCT-000275-1,CUST-000275,XXXX-XXXX-1083,current,INR,2020-05-02,active,594567.73,24720.5,BR-065
ACCT-000275-2,CUST-000275,XXXX-XXXX-9224,current,INR,2020-06-21,active,692227.96,34627.47,BR-023
ACCT-000276-1,CUST-000276,XXXX-XXXX-8078,current,GBP,2022-11-22,active,73565.43,9084.7,BR-122
ACCT-000276-2,CUST-000276,XXXX-XXXX-7328,credit_card,GBP,2022-09-21,active,870249.23,7267.39,BR-067
ACCT-000277-1,CUST-000277,XXXX-XXXX-8140,current,GBP,2019-07-03,active,290909.43,79589.02,BR-175
ACCT-000277-2,CUST-000277,XXXX-XXXX-7820,trade_finance,GBP,2019-07-13,active,271654.98,38870.47,BR-146
ACCT-000277-3,CUST-000277,XXXX-XXXX-4004,escrow,GBP,2019-08-09,active,788453.41,67910.47,BR-036
ACCT-000278-1,CUST-000278,XXXX-XXXX-8673,savings,SGD,2019-06-03,active,420430.75,34650.76,BR-119
ACCT-000279-1,CUST-000279,XXXX-XXXX-2448,current,EUR,2024-07-03,active,554072.49,118756.15,BR-063
ACCT-000280-1,CUST-000280,XXXX-XXXX-5806,current,USD,2024-11-21,active,760751.5,81173.91,BR-172
ACCT-000281-1,CUST-000281,XXXX-XXXX-8540,trade_finance,USD,2024-09-10,active,77108.52,89210.15,BR-167
ACCT-000282-1,CUST-000282,XXXX-XXXX-8888,loan_ledger,SGD,2018-08-05,active,778018.4,53432.16,BR-150
ACCT-000283-1,CUST-000283,XXXX-XXXX-9458,savings,SGD,2025-02-11,active,666641.28,51657.39,BR-058
ACCT-000283-2,CUST-000283,XXXX-XXXX-5929,savings,SGD,2025-04-27,active,647508.7,77560.44,BR-207
ACCT-000284-1,CUST-000284,XXXX-XXXX-1000,savings,SGD,2024-03-07,active,792029.26,42379.93,BR-064
ACCT-000285-1,CUST-000285,XXXX-XXXX-8271,current,INR,2021-05-17,active,833513.95,7924.26,BR-124
ACCT-000286-1,CUST-000286,XXXX-XXXX-5264,savings,AED,2025-08-14,active,613507.08,98563.41,BR-158
ACCT-000286-2,CUST-000286,XXXX-XXXX-1354,current,AED,2025-05-17,active,736876.54,82569.83,BR-044
ACCT-000286-3,CUST-000286,XXXX-XXXX-4282,current,AED,2025-07-27,active,261742.53,83367.74,BR-151
ACCT-000287-1,CUST-000287,XXXX-XXXX-2758,current,INR,2021-05-03,active,732330.75,54245.41,BR-073
ACCT-000288-1,CUST-000288,XXXX-XXXX-5960,current,SGD,2022-06-16,active,585729.67,154809.26,BR-114
ACCT-000289-1,CUST-000289,XXXX-XXXX-8509,credit_card,INR,2019-12-10,active,883596.56,22419.8,BR-220
ACCT-000290-1,CUST-000290,XXXX-XXXX-7399,current,USD,2022-11-17,active,157872.69,28153.29,BR-168
ACCT-000290-2,CUST-000290,XXXX-XXXX-3294,savings,USD,2022-09-06,active,686584.22,36111.95,BR-101
ACCT-000291-1,CUST-000291,XXXX-XXXX-8729,trade_finance,GBP,2020-01-30,active,163156.71,91399.35,BR-130
ACCT-000292-1,CUST-000292,XXXX-XXXX-6703,custody,USD,2018-05-03,active,747067.76,63147.68,BR-008
ACCT-000292-2,CUST-000292,XXXX-XXXX-2581,savings,USD,2018-05-07,active,449991.08,148578.89,BR-083
ACCT-000293-1,CUST-000293,XXXX-XXXX-2727,credit_card,INR,2018-08-01,active,157424.17,86118.56,BR-194
ACCT-000293-2,CUST-000293,XXXX-XXXX-2014,credit_card,INR,2018-08-16,active,103911.93,83038.81,BR-019
ACCT-000294-1,CUST-000294,XXXX-XXXX-3851,current,EUR,2017-09-21,active,629154.43,111724.31,BR-164
ACCT-000295-1,CUST-000295,XXXX-XXXX-8168,loan_ledger,INR,2024-04-20,active,203721.39,175720.67,BR-112
ACCT-000296-1,CUST-000296,XXXX-XXXX-1397,savings,GBP,2016-11-16,active,602123.77,86797.55,BR-208
ACCT-000296-2,CUST-000296,XXXX-XXXX-7685,current,GBP,2016-10-23,active,778177.55,107040.8,BR-175
ACCT-000297-1,CUST-000297,XXXX-XXXX-9129,credit_card,USD,2025-01-28,active,187519.83,62872.74,BR-129
ACCT-000297-2,CUST-000297,XXXX-XXXX-3258,current,USD,2025-01-25,active,395551.38,52390.16,BR-224
ACCT-000298-1,CUST-000298,XXXX-XXXX-5886,loan_ledger,INR,2021-05-02,active,449342.31,65201.1,BR-139
ACCT-000299-1,CUST-000299,XXXX-XXXX-7396,current,GBP,2022-03-28,active,62089.58,28411.46,BR-074
ACCT-000300-1,CUST-000300,XXXX-XXXX-9192,current,GBP,2025-11-23,active,557161.78,109222.31,BR-229
ACCT-000301-1,CUST-000301,XXXX-XXXX-1491,current,INR,2024-07-10,active,379843.72,73852.64,BR-228
ACCT-000302-1,CUST-000302,XXXX-XXXX-2021,current,GBP,2020-05-06,active,66547.8,52039.11,BR-232
ACCT-000302-2,CUST-000302,XXXX-XXXX-6666,current,GBP,2020-06-11,dormant,854967.1,38377.32,BR-157
ACCT-000303-1,CUST-000303,XXXX-XXXX-5432,savings,INR,2024-06-08,active,94551.03,117847.0,BR-058
ACCT-000303-2,CUST-000303,XXXX-XXXX-5971,savings,INR,2024-06-02,active,788928.37,81894.05,BR-239
ACCT-000303-3,CUST-000303,XXXX-XXXX-9752,current,INR,2024-07-16,active,342070.16,142854.81,BR-005
ACCT-000304-1,CUST-000304,XXXX-XXXX-3051,current,EUR,2025-09-12,active,384723.39,43014.6,BR-113
ACCT-000305-1,CUST-000305,XXXX-XXXX-6763,savings,USD,2021-03-31,active,393435.82,32182.41,BR-060
ACCT-000306-1,CUST-000306,XXXX-XXXX-1750,current,USD,2016-12-28,dormant,14393.81,56709.67,BR-209
ACCT-000307-1,CUST-000307,XXXX-XXXX-5630,current,NGN,2023-03-05,active,315351.05,140548.53,BR-063
ACCT-000308-1,CUST-000308,XXXX-XXXX-3005,current,INR,2023-03-13,active,69663.71,82786.92,BR-053
ACCT-000308-2,CUST-000308,XXXX-XXXX-4609,current,INR,2023-04-26,active,273144.3,47028.8,BR-142
ACCT-000308-3,CUST-000308,XXXX-XXXX-9631,current,INR,2023-04-15,active,287654.2,57947.38,BR-027
ACCT-000309-1,CUST-000309,XXXX-XXXX-8966,credit_card,INR,2024-05-06,active,183995.89,24347.58,BR-134
ACCT-000310-1,CUST-000310,XXXX-XXXX-7101,savings,GBP,2021-03-26,active,709358.11,30790.65,BR-061
ACCT-000311-1,CUST-000311,XXXX-XXXX-1348,savings,USD,2024-08-24,active,31346.81,50402.63,BR-099
ACCT-000311-2,CUST-000311,XXXX-XXXX-5572,current,USD,2024-07-07,active,346158.7,30691.48,BR-098
ACCT-000312-1,CUST-000312,XXXX-XXXX-4021,current,GBP,2020-04-21,active,479710.25,118717.69,BR-009
ACCT-000313-1,CUST-000313,XXXX-XXXX-6508,current,USD,2023-02-23,active,816797.17,99946.05,BR-152
ACCT-000314-1,CUST-000314,XXXX-XXXX-8111,current,GBP,2025-04-16,active,704568.8,73175.38,BR-193
ACCT-000315-1,CUST-000315,XXXX-XXXX-9761,current,INR,2018-07-27,active,515769.7,141514.62,BR-133
ACCT-000316-1,CUST-000316,XXXX-XXXX-3160,credit_card,EUR,2024-08-29,active,253349.42,111859.33,BR-071
ACCT-000317-1,CUST-000317,XXXX-XXXX-6530,current,SGD,2018-07-01,active,35706.98,81887.66,BR-069
ACCT-000318-1,CUST-000318,XXXX-XXXX-1202,current,INR,2022-02-07,active,512028.53,5744.77,BR-068
ACCT-000318-2,CUST-000318,XXXX-XXXX-1282,current,INR,2021-12-22,active,420329.11,10995.27,BR-123
ACCT-000319-1,CUST-000319,XXXX-XXXX-2303,current,SGD,2022-12-10,active,549685.34,86844.41,BR-017
ACCT-000319-2,CUST-000319,XXXX-XXXX-5252,current,SGD,2022-11-21,active,115373.01,126163.4,BR-038
ACCT-000320-1,CUST-000320,XXXX-XXXX-1630,trade_finance,INR,2024-05-07,active,456540.55,75919.08,BR-082
ACCT-000320-2,CUST-000320,XXXX-XXXX-1996,current,INR,2024-07-08,dormant,892782.05,125153.53,BR-005
ACCT-000321-1,CUST-000321,XXXX-XXXX-1732,trade_finance,GBP,2020-01-27,active,315406.96,52699.41,BR-114
ACCT-000321-2,CUST-000321,XXXX-XXXX-4343,current,GBP,2019-12-22,active,334852.07,137687.06,BR-107
ACCT-000322-1,CUST-000322,XXXX-XXXX-1404,loan_ledger,GBP,2018-12-02,active,709559.85,100413.44,BR-105
ACCT-000323-1,CUST-000323,XXXX-XXXX-1510,current,USD,2017-11-19,active,41104.91,144283.15,BR-234
ACCT-000323-2,CUST-000323,XXXX-XXXX-4464,current,USD,2017-10-26,active,460205.73,127886.06,BR-131
ACCT-000324-1,CUST-000324,XXXX-XXXX-1534,savings,USD,2017-10-04,active,135917.14,141327.57,BR-167
ACCT-000324-2,CUST-000324,XXXX-XXXX-9249,current,USD,2017-09-16,dormant,567661.61,137796.85,BR-138
ACCT-000325-1,CUST-000325,XXXX-XXXX-8738,current,USD,2022-08-17,active,468782.06,24430.32,BR-050
ACCT-000325-2,CUST-000325,XXXX-XXXX-6385,current,USD,2022-07-18,active,691111.43,25998.25,BR-117
ACCT-000326-1,CUST-000326,XXXX-XXXX-8291,savings,USD,2018-02-23,active,792323.87,112338.81,BR-091
ACCT-000327-1,CUST-000327,XXXX-XXXX-8932,loan_ledger,AED,2023-02-10,active,404622.25,6708.67,BR-146
ACCT-000328-1,CUST-000328,XXXX-XXXX-5013,credit_card,EUR,2025-05-15,active,367448.08,139493.07,BR-036
ACCT-000328-2,CUST-000328,XXXX-XXXX-6596,savings,EUR,2025-04-28,active,74273.86,115931.82,BR-038
ACCT-000329-1,CUST-000329,XXXX-XXXX-3947,current,USD,2017-08-21,active,14945.51,16468.81,BR-068
ACCT-000330-1,CUST-000330,XXXX-XXXX-3070,trade_finance,INR,2022-09-07,active,750638.85,50282.19,BR-043
ACCT-000330-2,CUST-000330,XXXX-XXXX-9672,escrow,INR,2022-07-25,active,813930.09,90950.88,BR-103
ACCT-000331-1,CUST-000331,XXXX-XXXX-6518,current,NGN,2017-01-28,active,808620.15,133688.62,BR-158
ACCT-000331-2,CUST-000331,XXXX-XXXX-2208,current,NGN,2017-03-24,active,320106.91,114160.08,BR-105
ACCT-000332-1,CUST-000332,XXXX-XXXX-8816,savings,AED,2023-05-03,active,660365.38,80044.51,BR-151
ACCT-000332-2,CUST-000332,XXXX-XXXX-2372,credit_card,AED,2023-07-06,active,7997.59,70608.14,BR-173
ACCT-000333-1,CUST-000333,XXXX-XXXX-9334,current,GBP,2022-02-02,active,252090.33,95413.91,BR-060
ACCT-000333-2,CUST-000333,XXXX-XXXX-9481,current,GBP,2022-01-20,active,522265.56,101270.77,BR-110
ACCT-000334-1,CUST-000334,XXXX-XXXX-3346,current,EUR,2018-05-31,active,850602.34,83924.3,BR-188
ACCT-000335-1,CUST-000335,XXXX-XXXX-6150,current,USD,2020-01-20,active,257027.07,42512.87,BR-071
ACCT-000336-1,CUST-000336,XXXX-XXXX-5250,loan_ledger,INR,2024-08-18,dormant,678368.46,152203.33,BR-171
ACCT-000337-1,CUST-000337,XXXX-XXXX-3766,loan_ledger,GBP,2019-10-24,active,812384.63,190391.31,BR-139
ACCT-000338-1,CUST-000338,XXXX-XXXX-7054,current,INR,2025-05-24,active,847683.56,150940.33,BR-188
ACCT-000339-1,CUST-000339,XXXX-XXXX-2795,current,USD,2025-08-14,active,827346.12,66140.25,BR-228
ACCT-000340-1,CUST-000340,XXXX-XXXX-5562,current,SGD,2024-10-05,active,105699.91,97976.07,BR-021
ACCT-000341-1,CUST-000341,XXXX-XXXX-3567,current,SGD,2023-12-03,active,249221.12,52063.86,BR-132
ACCT-000341-2,CUST-000341,XXXX-XXXX-1628,savings,SGD,2023-12-03,active,839198.83,60452.3,BR-082
ACCT-000342-1,CUST-000342,XXXX-XXXX-1583,current,USD,2025-10-26,dormant,564929.26,43152.64,BR-151
ACCT-000343-1,CUST-000343,XXXX-XXXX-5346,savings,INR,2021-04-04,active,436571.95,19357.17,BR-128
ACCT-000344-1,CUST-000344,XXXX-XXXX-9459,current,USD,2020-10-13,active,674751.93,63967.48,BR-018
ACCT-000345-1,CUST-000345,XXXX-XXXX-1635,savings,USD,2018-12-13,active,237503.36,40642.64,BR-150
ACCT-000346-1,CUST-000346,XXXX-XXXX-3950,current,USD,2023-12-11,active,756781.97,60607.72,BR-172
ACCT-000347-1,CUST-000347,XXXX-XXXX-6851,savings,AED,2020-10-16,active,266580.08,67580.49,BR-226
ACCT-000348-1,CUST-000348,XXXX-XXXX-6331,current,SGD,2023-08-05,active,382953.89,49361.18,BR-082
ACCT-000348-2,CUST-000348,XXXX-XXXX-3098,loan_ledger,SGD,2023-07-27,active,435881.12,104682.66,BR-126
ACCT-000349-1,CUST-000349,XXXX-XXXX-5389,trade_finance,USD,2025-03-31,active,800939.74,45384.09,BR-016
ACCT-000350-1,CUST-000350,XXXX-XXXX-7737,current,INR,2020-02-29,active,398314.44,60677.83,BR-234
ACCT-000351-1,CUST-000351,XXXX-XXXX-1747,current,USD,2021-09-14,active,369420.58,86017.65,BR-043
ACCT-000352-1,CUST-000352,XXXX-XXXX-6401,savings,NGN,2018-06-01,active,486250.81,171738.91,BR-006
ACCT-000353-1,CUST-000353,XXXX-XXXX-6778,current,INR,2021-10-19,active,498051.88,147297.54,BR-133
ACCT-000353-2,CUST-000353,XXXX-XXXX-3572,current,INR,2021-09-27,active,356578.13,156208.52,BR-075
ACCT-000354-1,CUST-000354,XXXX-XXXX-4532,trade_finance,GBP,2020-02-20,active,224584.67,10935.26,BR-217
ACCT-000354-2,CUST-000354,XXXX-XXXX-9216,current,GBP,2020-03-16,active,436925.05,14870.1,BR-078
ACCT-000355-1,CUST-000355,XXXX-XXXX-1553,current,INR,2022-03-10,active,112154.9,8982.0,BR-168
ACCT-000356-1,CUST-000356,XXXX-XXXX-2391,current,INR,2019-07-16,active,454554.19,165719.66,BR-188
ACCT-000357-1,CUST-000357,XXXX-XXXX-3487,current,NGN,2019-02-20,active,529788.02,83861.3,BR-213
ACCT-000358-1,CUST-000358,XXXX-XXXX-9394,current,AED,2019-01-27,active,272636.43,76513.02,BR-026
ACCT-000359-1,CUST-000359,XXXX-XXXX-5771,current,SGD,2023-10-29,active,200805.41,90459.33,BR-072
ACCT-000360-1,CUST-000360,XXXX-XXXX-5007,trade_finance,INR,2019-12-25,active,893845.41,152258.57,BR-096
ACCT-000361-1,CUST-000361,XXXX-XXXX-1407,savings,AED,2021-01-13,active,209671.88,78303.81,BR-145
ACCT-000361-2,CUST-000361,XXXX-XXXX-3355,current,AED,2020-12-26,active,878259.87,49820.16,BR-044
ACCT-000362-1,CUST-000362,XXXX-XXXX-2374,credit_card,INR,2019-12-30,active,555223.13,119668.1,BR-186
ACCT-000363-1,CUST-000363,XXXX-XXXX-5129,savings,INR,2022-10-29,active,666719.51,58412.51,BR-010
ACCT-000363-2,CUST-000363,XXXX-XXXX-7660,current,INR,2023-01-02,active,242062.26,28457.26,BR-144
ACCT-000364-1,CUST-000364,XXXX-XXXX-4862,current,GBP,2023-10-03,active,638272.49,133266.77,BR-220
ACCT-000364-2,CUST-000364,XXXX-XXXX-2721,trade_finance,GBP,2023-11-25,active,70676.5,75879.25,BR-004
ACCT-000365-1,CUST-000365,XXXX-XXXX-8169,savings,INR,2023-04-21,active,103184.47,153543.22,BR-127
ACCT-000366-1,CUST-000366,XXXX-XXXX-9963,savings,EUR,2024-03-10,active,9323.41,7067.38,BR-076
ACCT-000367-1,CUST-000367,XXXX-XXXX-6281,trade_finance,NGN,2018-05-21,active,335097.0,78864.91,BR-037
ACCT-000367-2,CUST-000367,XXXX-XXXX-7082,current,NGN,2018-07-13,active,226864.19,64587.67,BR-240
ACCT-000368-1,CUST-000368,XXXX-XXXX-3690,current,NGN,2023-10-07,active,746637.81,16422.75,BR-107
ACCT-000369-1,CUST-000369,XXXX-XXXX-4074,custody,INR,2021-09-09,active,85369.21,80408.67,BR-025
ACCT-000370-1,CUST-000370,XXXX-XXXX-6741,loan_ledger,GBP,2018-11-27,active,795125.52,64096.56,BR-004
ACCT-000371-1,CUST-000371,XXXX-XXXX-6009,current,INR,2023-01-18,active,690522.97,101382.07,BR-144
ACCT-000371-2,CUST-000371,XXXX-XXXX-2269,current,INR,2022-12-28,active,93575.68,46201.62,BR-046
ACCT-000371-3,CUST-000371,XXXX-XXXX-9557,current,INR,2022-10-18,active,689682.85,54942.87,BR-198
ACCT-000372-1,CUST-000372,XXXX-XXXX-8756,current,AED,2018-04-16,active,3401.04,72371.79,BR-056
ACCT-000372-2,CUST-000372,XXXX-XXXX-3400,current,AED,2018-04-15,active,428442.14,45183.44,BR-020
ACCT-000373-1,CUST-000373,XXXX-XXXX-7969,current,GBP,2019-10-27,active,295053.34,73203.19,BR-031
ACCT-000373-2,CUST-000373,XXXX-XXXX-7316,current,GBP,2019-10-12,active,320137.48,101184.01,BR-082
ACCT-000374-1,CUST-000374,XXXX-XXXX-3721,savings,USD,2020-05-07,dormant,750410.84,38708.25,BR-216
ACCT-000375-1,CUST-000375,XXXX-XXXX-2970,current,GBP,2025-01-04,active,392436.62,47248.46,BR-007
ACCT-000376-1,CUST-000376,XXXX-XXXX-6668,trade_finance,EUR,2020-05-31,active,193188.18,78406.61,BR-236
ACCT-000376-2,CUST-000376,XXXX-XXXX-3932,trade_finance,EUR,2020-04-11,active,895899.14,48190.15,BR-093
ACCT-000377-1,CUST-000377,XXXX-XXXX-2541,current,GBP,2024-05-28,active,824310.58,103751.52,BR-004
ACCT-000378-1,CUST-000378,XXXX-XXXX-8843,current,INR,2023-08-25,active,896168.33,39921.98,BR-071
ACCT-000379-1,CUST-000379,XXXX-XXXX-8713,credit_card,GBP,2019-07-13,dormant,569383.83,121978.7,BR-122
ACCT-000379-2,CUST-000379,XXXX-XXXX-2702,savings,GBP,2019-06-20,active,26924.44,178298.49,BR-040
ACCT-000380-1,CUST-000380,XXXX-XXXX-2356,current,GBP,2020-08-22,active,761377.02,48205.5,BR-164
ACCT-000380-2,CUST-000380,XXXX-XXXX-9914,savings,GBP,2020-06-15,active,767465.71,113738.19,BR-189
ACCT-000381-1,CUST-000381,XXXX-XXXX-3772,trade_finance,AED,2019-08-23,active,528575.89,103780.44,BR-133
ACCT-000382-1,CUST-000382,XXXX-XXXX-2007,savings,GBP,2021-12-08,active,742717.74,88684.7,BR-187
ACCT-000383-1,CUST-000383,XXXX-XXXX-4255,current,INR,2022-01-07,active,368917.11,82103.04,BR-216
ACCT-000384-1,CUST-000384,XXXX-XXXX-6745,loan_ledger,USD,2018-09-01,active,420160.8,72881.89,BR-023
ACCT-000384-2,CUST-000384,XXXX-XXXX-2904,loan_ledger,USD,2018-09-25,active,165068.37,28122.54,BR-082
ACCT-000385-1,CUST-000385,XXXX-XXXX-1171,credit_card,INR,2018-09-09,active,337702.07,60421.24,BR-186
ACCT-000386-1,CUST-000386,XXXX-XXXX-4130,current,GBP,2024-06-26,active,664561.31,25489.48,BR-098
ACCT-000386-2,CUST-000386,XXXX-XXXX-3300,custody,GBP,2024-04-22,active,373170.51,44733.51,BR-070
ACCT-000386-3,CUST-000386,XXXX-XXXX-5249,savings,GBP,2024-04-22,active,238826.08,32068.04,BR-149
ACCT-000387-1,CUST-000387,XXXX-XXXX-3793,savings,INR,2025-03-24,active,751417.05,11409.9,BR-138
ACCT-000388-1,CUST-000388,XXXX-XXXX-5729,credit_card,INR,2018-10-10,active,629988.79,132511.61,BR-213
ACCT-000389-1,CUST-000389,XXXX-XXXX-5230,loan_ledger,GBP,2019-09-05,active,235500.48,135446.43,BR-133
ACCT-000389-2,CUST-000389,XXXX-XXXX-3290,loan_ledger,GBP,2019-07-25,active,291368.87,98317.58,BR-169
ACCT-000390-1,CUST-000390,XXXX-XXXX-6879,current,SGD,2018-09-20,active,8100.57,51214.59,BR-086
ACCT-000391-1,CUST-000391,XXXX-XXXX-6018,credit_card,INR,2021-11-09,active,492553.52,186583.73,BR-113
ACCT-000392-1,CUST-000392,XXXX-XXXX-7542,current,AED,2023-04-04,active,219986.26,75957.92,BR-154
ACCT-000392-2,CUST-000392,XXXX-XXXX-5918,current,AED,2023-04-17,active,836161.59,42429.85,BR-240
ACCT-000393-1,CUST-000393,XXXX-XXXX-5413,current,USD,2022-11-05,dormant,361274.36,29623.18,BR-132
ACCT-000393-2,CUST-000393,XXXX-XXXX-9586,current,USD,2022-10-21,active,875212.55,81481.4,BR-034
ACCT-000393-3,CUST-000393,XXXX-XXXX-2481,current,USD,2022-12-22,active,689474.98,85040.42,BR-118
ACCT-000394-1,CUST-000394,XXXX-XXXX-4283,current,INR,2018-12-14,active,271852.82,4096.01,BR-061
ACCT-000395-1,CUST-000395,XXXX-XXXX-3525,current,EUR,2024-07-01,active,761255.89,28697.2,BR-123
ACCT-000395-2,CUST-000395,XXXX-XXXX-7456,current,EUR,2024-04-12,active,821636.91,39821.74,BR-213
ACCT-000396-1,CUST-000396,XXXX-XXXX-7350,current,AED,2018-02-26,active,686976.82,5138.85,BR-198
ACCT-000397-1,CUST-000397,XXXX-XXXX-7452,current,GBP,2021-08-10,active,312833.6,70473.39,BR-151
ACCT-000398-1,CUST-000398,XXXX-XXXX-7047,savings,EUR,2017-06-19,active,451808.88,26099.99,BR-154
ACCT-000399-1,CUST-000399,XXXX-XXXX-3262,current,INR,2020-01-13,active,40778.88,79387.97,BR-024
ACCT-000399-2,CUST-000399,XXXX-XXXX-7974,loan_ledger,INR,2020-01-14,active,280671.77,122557.69,BR-124
ACCT-000400-1,CUST-000400,XXXX-XXXX-3679,credit_card,GBP,2022-09-13,active,466096.37,66708.24,BR-207
ACCT-000401-1,CUST-000401,XXXX-XXXX-7626,current,INR,2023-12-01,active,11989.82,78669.42,BR-148
ACCT-000402-1,CUST-000402,XXXX-XXXX-7581,trade_finance,INR,2019-05-23,active,50005.65,50374.26,BR-190
ACCT-000403-1,CUST-000403,XXXX-XXXX-9225,savings,INR,2022-08-16,active,426719.01,43470.92,BR-137
ACCT-000403-2,CUST-000403,XXXX-XXXX-7947,credit_card,INR,2022-05-20,active,345741.17,63987.2,BR-039
ACCT-000404-1,CUST-000404,XXXX-XXXX-5224,credit_card,SGD,2025-02-14,active,731738.76,70927.8,BR-117
ACCT-000405-1,CUST-000405,XXXX-XXXX-9021,current,GBP,2018-09-18,active,46016.09,32554.99,BR-095
ACCT-000406-1,CUST-000406,XXXX-XXXX-9892,current,INR,2021-02-26,active,264622.48,28218.91,BR-115
ACCT-000407-1,CUST-000407,XXXX-XXXX-6853,savings,INR,2018-06-25,active,478610.41,49690.97,BR-045
ACCT-000408-1,CUST-000408,XXXX-XXXX-9084,current,INR,2020-05-24,active,247951.91,193328.12,BR-177
ACCT-000409-1,CUST-000409,XXXX-XXXX-8510,escrow,INR,2022-07-23,active,294603.04,14230.2,BR-156
ACCT-000410-1,CUST-000410,XXXX-XXXX-7257,savings,USD,2017-07-22,active,653133.76,44922.49,BR-164
ACCT-000410-2,CUST-000410,XXXX-XXXX-1366,savings,USD,2017-05-25,active,672343.56,68790.84,BR-191
ACCT-000410-3,CUST-000410,XXXX-XXXX-2907,savings,USD,2017-07-17,active,514234.72,85787.81,BR-158
ACCT-000411-1,CUST-000411,XXXX-XXXX-7131,trade_finance,GBP,2016-11-06,active,194473.13,125996.23,BR-071
ACCT-000412-1,CUST-000412,XXXX-XXXX-1749,current,GBP,2017-08-09,active,818862.02,46980.77,BR-070
ACCT-000412-2,CUST-000412,XXXX-XXXX-7788,loan_ledger,GBP,2017-07-31,active,248017.03,37443.06,BR-203
ACCT-000413-1,CUST-000413,XXXX-XXXX-1296,current,GBP,2019-01-17,active,199730.88,147762.96,BR-187
ACCT-000413-2,CUST-000413,XXXX-XXXX-7893,savings,GBP,2019-04-04,active,296548.06,114776.45,BR-239
ACCT-000413-3,CUST-000413,XXXX-XXXX-6237,current,GBP,2019-02-01,active,400500.37,125592.8,BR-191
ACCT-000414-1,CUST-000414,XXXX-XXXX-5189,current,NGN,2019-12-22,active,594967.95,60954.63,BR-021
ACCT-000415-1,CUST-000415,XXXX-XXXX-4400,current,INR,2019-05-17,active,477102.98,38857.85,BR-193
ACCT-000415-2,CUST-000415,XXXX-XXXX-1484,current,INR,2019-06-28,active,526858.26,56927.37,BR-145
ACCT-000416-1,CUST-000416,XXXX-XXXX-9040,credit_card,SGD,2018-12-24,dormant,338380.62,12728.7,BR-097
ACCT-000417-1,CUST-000417,XXXX-XXXX-4576,current,INR,2024-05-01,active,100458.86,74104.46,BR-222
ACCT-000418-1,CUST-000418,XXXX-XXXX-7693,savings,INR,2019-11-08,active,196759.59,11517.46,BR-072
ACCT-000419-1,CUST-000419,XXXX-XXXX-6206,current,AED,2024-09-04,active,479725.05,78801.42,BR-104
ACCT-000420-1,CUST-000420,XXXX-XXXX-3571,current,INR,2017-04-05,active,160686.34,76140.29,BR-137
ACCT-000421-1,CUST-000421,XXXX-XXXX-2610,current,EUR,2023-02-28,active,588140.71,99928.87,BR-106
ACCT-000421-2,CUST-000421,XXXX-XXXX-4673,current,EUR,2022-12-10,active,558308.34,101742.52,BR-154
ACCT-000422-1,CUST-000422,XXXX-XXXX-5095,current,GBP,2017-01-09,active,563320.12,82066.12,BR-095
ACCT-000423-1,CUST-000423,XXXX-XXXX-7378,savings,NGN,2018-03-29,active,777231.01,158379.76,BR-042
ACCT-000424-1,CUST-000424,XXXX-XXXX-8736,custody,NGN,2021-11-18,active,829325.73,26097.87,BR-076
ACCT-000425-1,CUST-000425,XXXX-XXXX-8523,current,INR,2017-08-31,active,543320.84,40820.09,BR-204
ACCT-000426-1,CUST-000426,XXXX-XXXX-6427,current,USD,2020-08-29,active,818081.88,99614.69,BR-185
ACCT-000427-1,CUST-000427,XXXX-XXXX-9515,loan_ledger,INR,2023-01-26,dormant,776089.9,68369.76,BR-107
ACCT-000427-2,CUST-000427,XXXX-XXXX-2982,current,INR,2023-05-15,active,546672.25,206443.84,BR-183
ACCT-000427-3,CUST-000427,XXXX-XXXX-5799,loan_ledger,INR,2023-03-24,active,745648.66,166763.94,BR-011
ACCT-000428-1,CUST-000428,XXXX-XXXX-8209,savings,INR,2017-11-02,active,112527.11,1802.55,BR-068
ACCT-000429-1,CUST-000429,XXXX-XXXX-3768,current,INR,2025-03-26,active,591226.76,90392.74,BR-063
ACCT-000429-2,CUST-000429,XXXX-XXXX-2591,savings,INR,2025-01-10,active,624650.74,144688.92,BR-182
ACCT-000430-1,CUST-000430,XXXX-XXXX-5838,current,INR,2018-05-17,active,298264.43,99418.51,BR-067
ACCT-000431-1,CUST-000431,XXXX-XXXX-3425,current,INR,2022-03-23,active,24320.5,118806.45,BR-145
ACCT-000432-1,CUST-000432,XXXX-XXXX-5992,loan_ledger,INR,2021-01-28,active,396436.26,8124.32,BR-191
ACCT-000433-1,CUST-000433,XXXX-XXXX-7295,current,INR,2017-09-15,active,205898.31,95022.65,BR-150
ACCT-000433-2,CUST-000433,XXXX-XXXX-5250,current,INR,2017-09-12,active,458223.81,96508.01,BR-133
ACCT-000434-1,CUST-000434,XXXX-XXXX-3553,loan_ledger,INR,2024-03-26,active,451484.67,89325.56,BR-097
ACCT-000435-1,CUST-000435,XXXX-XXXX-8897,current,INR,2024-10-25,active,807523.11,34019.38,BR-017
ACCT-000435-2,CUST-000435,XXXX-XXXX-4675,current,INR,2024-11-12,active,548168.47,94964.5,BR-031
ACCT-000436-1,CUST-000436,XXXX-XXXX-1199,current,INR,2022-10-13,active,761325.6,153436.65,BR-135
ACCT-000436-2,CUST-000436,XXXX-XXXX-6956,savings,INR,2022-11-18,active,359243.61,63526.25,BR-085
ACCT-000437-1,CUST-000437,XXXX-XXXX-2301,current,EUR,2020-05-05,dormant,51321.34,66883.19,BR-064
ACCT-000438-1,CUST-000438,XXXX-XXXX-5015,current,SGD,2018-11-09,active,645924.91,44063.18,BR-156
ACCT-000439-1,CUST-000439,XXXX-XXXX-2043,loan_ledger,INR,2017-08-31,active,120161.5,34798.19,BR-054
ACCT-000440-1,CUST-000440,XXXX-XXXX-8606,loan_ledger,AED,2023-12-27,active,793595.0,62690.46,BR-203
ACCT-000441-1,CUST-000441,XXXX-XXXX-2366,current,GBP,2017-11-18,active,90788.44,99746.56,BR-154
ACCT-000441-2,CUST-000441,XXXX-XXXX-8041,current,GBP,2018-01-15,active,101259.99,130176.86,BR-200
ACCT-000442-1,CUST-000442,XXXX-XXXX-8475,loan_ledger,INR,2017-11-22,dormant,227321.25,49920.59,BR-070
ACCT-000442-2,CUST-000442,XXXX-XXXX-9311,loan_ledger,INR,2017-09-24,active,256096.38,64933.04,BR-068
ACCT-000443-1,CUST-000443,XXXX-XXXX-9242,current,AED,2023-12-15,active,396599.38,42464.33,BR-047
ACCT-000443-2,CUST-000443,XXXX-XXXX-8708,current,AED,2023-12-20,active,161736.85,35704.46,BR-173
ACCT-000444-1,CUST-000444,XXXX-XXXX-9824,credit_card,INR,2018-10-12,active,175042.36,53275.49,BR-060
ACCT-000445-1,CUST-000445,XXXX-XXXX-8731,current,GBP,2025-09-11,active,270755.22,70803.5,BR-147
ACCT-000446-1,CUST-000446,XXXX-XXXX-3814,current,INR,2018-10-07,active,549500.78,80194.28,BR-133
ACCT-000446-2,CUST-000446,XXXX-XXXX-7830,trade_finance,INR,2018-12-05,active,243175.48,195021.79,BR-121
ACCT-000447-1,CUST-000447,XXXX-XXXX-6017,trade_finance,INR,2024-07-22,active,319186.28,146808.9,BR-116
ACCT-000447-2,CUST-000447,XXXX-XXXX-7834,current,INR,2024-08-16,active,846048.59,57163.13,BR-105
ACCT-000447-3,CUST-000447,XXXX-XXXX-8485,current,INR,2024-09-16,active,18512.18,141497.64,BR-054
ACCT-000448-1,CUST-000448,XXXX-XXXX-1387,loan_ledger,INR,2021-10-22,active,712037.05,8137.5,BR-144
ACCT-000448-2,CUST-000448,XXXX-XXXX-9240,current,INR,2021-10-18,active,247292.76,5258.98,BR-042
ACCT-000449-1,CUST-000449,XXXX-XXXX-8698,current,USD,2019-12-29,dormant,852090.6,147531.45,BR-100
ACCT-000450-1,CUST-000450,XXXX-XXXX-5589,trade_finance,INR,2021-01-11,dormant,527916.81,40036.65,BR-015
ACCT-000450-2,CUST-000450,XXXX-XXXX-7053,current,INR,2020-12-15,active,256527.56,77240.71,BR-226
ACCT-000451-1,CUST-000451,XXXX-XXXX-3486,current,AED,2017-12-22,active,531237.68,132909.46,BR-144
ACCT-000451-2,CUST-000451,XXXX-XXXX-9955,current,AED,2017-10-15,active,235386.5,126939.77,BR-075
ACCT-000452-1,CUST-000452,XXXX-XXXX-6143,current,INR,2023-07-16,dormant,325745.42,60412.98,BR-192
ACCT-000452-2,CUST-000452,XXXX-XXXX-8673,savings,INR,2023-05-02,active,326621.21,30464.43,BR-181
ACCT-000453-1,CUST-000453,XXXX-XXXX-3298,savings,INR,2021-07-14,active,370290.28,112894.75,BR-125
ACCT-000454-1,CUST-000454,XXXX-XXXX-7119,current,AED,2020-04-08,active,394049.02,56645.38,BR-130
ACCT-000454-2,CUST-000454,XXXX-XXXX-9061,current,AED,2020-05-12,active,301043.56,61406.68,BR-020
ACCT-000455-1,CUST-000455,XXXX-XXXX-9712,current,INR,2019-08-02,active,462636.82,171360.18,BR-147
ACCT-000456-1,CUST-000456,XXXX-XXXX-8060,savings,INR,2021-07-05,active,419677.93,41601.63,BR-190
ACCT-000456-2,CUST-000456,XXXX-XXXX-3976,current,INR,2021-07-23,active,306488.94,29792.19,BR-178
ACCT-000456-3,CUST-000456,XXXX-XXXX-7577,savings,INR,2021-08-05,active,6712.21,39605.32,BR-005
ACCT-000457-1,CUST-000457,XXXX-XXXX-4651,loan_ledger,AED,2022-08-28,active,691233.18,83555.46,BR-168
ACCT-000458-1,CUST-000458,XXXX-XXXX-3500,savings,AED,2020-11-15,active,134307.14,22973.03,BR-026
ACCT-000458-2,CUST-000458,XXXX-XXXX-3086,current,AED,2020-11-19,active,859239.87,23602.11,BR-081
ACCT-000459-1,CUST-000459,XXXX-XXXX-3675,trade_finance,USD,2017-02-02,active,244699.07,105331.29,BR-056
ACCT-000459-2,CUST-000459,XXXX-XXXX-8203,trade_finance,USD,2017-01-11,active,853264.31,32696.94,BR-223
ACCT-000459-3,CUST-000459,XXXX-XXXX-7232,trade_finance,USD,2017-04-12,active,395253.62,46509.18,BR-198
ACCT-000460-1,CUST-000460,XXXX-XXXX-9301,savings,INR,2024-09-14,active,652341.99,27499.36,BR-194
ACCT-000461-1,CUST-000461,XXXX-XXXX-6871,escrow,USD,2023-08-29,active,285874.74,27391.36,BR-024
ACCT-000462-1,CUST-000462,XXXX-XXXX-2834,current,USD,2019-08-27,dormant,15514.77,76158.59,BR-108
ACCT-000462-2,CUST-000462,XXXX-XXXX-6811,custody,USD,2019-11-12,active,279673.57,44812.13,BR-218
ACCT-000463-1,CUST-000463,XXXX-XXXX-7384,current,USD,2020-12-01,active,15249.18,25027.08,BR-187
ACCT-000463-2,CUST-000463,XXXX-XXXX-3305,savings,USD,2020-10-14,active,160445.19,7308.37,BR-133
ACCT-000464-1,CUST-000464,XXXX-XXXX-2002,savings,GBP,2018-11-09,active,189633.21,64936.58,BR-076
ACCT-000465-1,CUST-000465,XXXX-XXXX-3824,current,USD,2017-03-25,active,467221.11,28917.32,BR-208
ACCT-000466-1,CUST-000466,XXXX-XXXX-3660,current,GBP,2024-05-06,active,184465.13,107809.6,BR-096
ACCT-000466-2,CUST-000466,XXXX-XXXX-6260,trade_finance,GBP,2024-02-17,active,24221.2,56500.29,BR-121
ACCT-000467-1,CUST-000467,XXXX-XXXX-1761,savings,INR,2022-01-10,active,686489.56,24656.73,BR-044
ACCT-000468-1,CUST-000468,XXXX-XXXX-2509,current,USD,2019-09-23,active,60626.83,56188.25,BR-119
ACCT-000469-1,CUST-000469,XXXX-XXXX-3202,trade_finance,EUR,2022-01-06,active,728673.18,11629.72,BR-122
ACCT-000469-2,CUST-000469,XXXX-XXXX-3100,current,EUR,2022-02-22,active,486447.5,40487.96,BR-172
ACCT-000469-3,CUST-000469,XXXX-XXXX-4215,current,EUR,2021-12-30,active,463745.89,35916.86,BR-037
ACCT-000470-1,CUST-000470,XXXX-XXXX-5625,current,USD,2019-01-16,active,95600.16,72622.41,BR-048
ACCT-000471-1,CUST-000471,XXXX-XXXX-9518,current,GBP,2018-06-29,active,888890.99,74660.81,BR-231
ACCT-000471-2,CUST-000471,XXXX-XXXX-3379,current,GBP,2018-05-24,active,841227.34,48010.14,BR-232
ACCT-000472-1,CUST-000472,XXXX-XXXX-3984,current,GBP,2023-09-25,active,571532.95,209414.79,BR-061
ACCT-000472-2,CUST-000472,XXXX-XXXX-8877,current,GBP,2023-07-27,active,310167.69,173940.08,BR-210
ACCT-000473-1,CUST-000473,XXXX-XXXX-5305,current,EUR,2022-06-05,active,106919.4,80984.36,BR-197
ACCT-000473-2,CUST-000473,XXXX-XXXX-4052,current,EUR,2022-06-21,active,726482.66,106362.08,BR-141
ACCT-000473-3,CUST-000473,XXXX-XXXX-6609,current,EUR,2022-05-21,active,237314.15,142296.99,BR-110
ACCT-000474-1,CUST-000474,XXXX-XXXX-4721,credit_card,INR,2020-11-07,dormant,747240.08,38147.36,BR-183
ACCT-000474-2,CUST-000474,XXXX-XXXX-6030,current,INR,2021-02-10,active,498415.39,100047.63,BR-222
ACCT-000475-1,CUST-000475,XXXX-XXXX-4192,current,GBP,2021-08-15,active,612836.36,14665.69,BR-051
ACCT-000475-2,CUST-000475,XXXX-XXXX-3486,current,GBP,2021-06-17,active,477974.82,5454.3,BR-137
ACCT-000475-3,CUST-000475,XXXX-XXXX-3732,current,GBP,2021-06-01,active,91024.13,6953.57,BR-163
ACCT-000476-1,CUST-000476,XXXX-XXXX-9860,current,SGD,2025-01-10,dormant,549089.33,149895.46,BR-072
ACCT-000476-2,CUST-000476,XXXX-XXXX-7386,current,SGD,2024-11-03,active,874835.97,154170.66,BR-120
ACCT-000477-1,CUST-000477,XXXX-XXXX-2226,current,GBP,2020-09-15,active,500625.88,49668.07,BR-237
ACCT-000478-1,CUST-000478,XXXX-XXXX-7723,current,INR,2020-04-02,active,433357.98,43973.54,BR-207
ACCT-000478-2,CUST-000478,XXXX-XXXX-3612,trade_finance,INR,2020-04-25,active,352508.7,46646.35,BR-214
ACCT-000479-1,CUST-000479,XXXX-XXXX-7577,current,USD,2018-09-03,active,665949.83,208170.85,BR-039
ACCT-000480-1,CUST-000480,XXXX-XXXX-1176,current,GBP,2019-04-24,active,469037.63,5755.09,BR-198
ACCT-000481-1,CUST-000481,XXXX-XXXX-5895,current,AED,2025-03-11,active,487592.27,49602.49,BR-040
ACCT-000481-2,CUST-000481,XXXX-XXXX-5458,current,AED,2025-03-23,dormant,37833.5,60969.77,BR-066
ACCT-000482-1,CUST-000482,XXXX-XXXX-8983,current,INR,2024-05-14,active,202945.44,14847.09,BR-188
ACCT-000483-1,CUST-000483,XXXX-XXXX-9102,current,USD,2022-11-05,active,866956.73,83302.02,BR-164
ACCT-000484-1,CUST-000484,XXXX-XXXX-5123,trade_finance,AED,2023-04-11,active,296617.87,137762.51,BR-065
ACCT-000485-1,CUST-000485,XXXX-XXXX-4977,current,GBP,2020-05-05,active,200027.93,55440.8,BR-069
ACCT-000485-2,CUST-000485,XXXX-XXXX-7157,current,GBP,2020-07-31,active,783483.72,71278.76,BR-011
ACCT-000485-3,CUST-000485,XXXX-XXXX-2615,savings,GBP,2020-07-07,active,106608.55,77814.3,BR-093
ACCT-000486-1,CUST-000486,XXXX-XXXX-7451,savings,SGD,2020-10-29,active,36838.57,164131.63,BR-113
ACCT-000487-1,CUST-000487,XXXX-XXXX-7532,current,SGD,2022-10-10,active,565678.4,93028.8,BR-172
ACCT-000487-2,CUST-000487,XXXX-XXXX-3961,credit_card,SGD,2022-09-01,active,851408.83,38693.99,BR-236
ACCT-000488-1,CUST-000488,XXXX-XXXX-6875,current,USD,2022-01-09,active,310300.7,23265.81,BR-064
ACCT-000489-1,CUST-000489,XXXX-XXXX-5311,current,GBP,2023-08-07,active,145372.31,115808.32,BR-222
ACCT-000490-1,CUST-000490,XXXX-XXXX-3818,current,USD,2019-06-11,active,771125.08,58227.79,BR-158
ACCT-000491-1,CUST-000491,XXXX-XXXX-6010,current,NGN,2017-12-19,active,650024.66,68085.67,BR-081
ACCT-000492-1,CUST-000492,XXXX-XXXX-4312,custody,INR,2020-12-21,active,636949.08,18470.97,BR-207
ACCT-000492-2,CUST-000492,XXXX-XXXX-3761,custody,INR,2020-11-01,active,101221.06,24280.83,BR-233
ACCT-000493-1,CUST-000493,XXXX-XXXX-9818,savings,USD,2024-08-04,active,557005.41,71577.83,BR-024
ACCT-000494-1,CUST-000494,XXXX-XXXX-7629,current,INR,2022-12-20,active,132043.13,50836.53,BR-091
ACCT-000495-1,CUST-000495,XXXX-XXXX-2346,trade_finance,INR,2019-04-29,active,203117.55,17126.14,BR-063
ACCT-000496-1,CUST-000496,XXXX-XXXX-9101,trade_finance,INR,2019-07-12,active,625876.11,92628.21,BR-225
ACCT-000497-1,CUST-000497,XXXX-XXXX-1203,trade_finance,INR,2017-08-26,active,868166.84,208117.66,BR-124
ACCT-000498-1,CUST-000498,XXXX-XXXX-4149,current,INR,2024-07-07,active,763266.39,25106.2,BR-161
ACCT-000498-2,CUST-000498,XXXX-XXXX-5284,current,INR,2024-08-21,active,883742.66,30892.67,BR-068
ACCT-000499-1,CUST-000499,XXXX-XXXX-6245,current,INR,2018-08-22,active,70259.36,32373.06,BR-083
ACCT-000500-1,CUST-000500,XXXX-XXXX-3109,current,SGD,2018-11-18,active,825814.03,118214.59,BR-182
ACCT-000500-2,CUST-000500,XXXX-XXXX-4732,loan_ledger,SGD,2018-11-27,active,646090.52,88832.78,BR-142
ACCT-000501-1,CUST-000501,XXXX-XXXX-1871,current,AED,2017-06-20,active,394645.99,92414.71,BR-017
ACCT-000501-2,CUST-000501,XXXX-XXXX-8347,credit_card,AED,2017-06-07,active,52733.64,69354.58,BR-223
ACCT-000502-1,CUST-000502,XXXX-XXXX-5523,current,AED,2023-10-30,active,852668.66,84714.36,BR-183
ACCT-000502-2,CUST-000502,XXXX-XXXX-7492,current,AED,2023-11-09,active,407448.44,70293.05,BR-173
ACCT-000503-1,CUST-000503,XXXX-XXXX-7670,current,INR,2021-09-17,active,486111.74,171132.38,BR-081
ACCT-000504-1,CUST-000504,XXXX-XXXX-2960,trade_finance,INR,2023-05-10,active,64841.04,55750.69,BR-106
ACCT-000504-2,CUST-000504,XXXX-XXXX-5076,current,INR,2023-08-05,dormant,696587.05,170917.81,BR-214
ACCT-000505-1,CUST-000505,XXXX-XXXX-6436,custody,USD,2021-02-15,active,851586.28,143380.34,BR-176
ACCT-000506-1,CUST-000506,XXXX-XXXX-3269,current,GBP,2022-10-17,active,165507.65,80873.76,BR-046
ACCT-000507-1,CUST-000507,XXXX-XXXX-4023,savings,GBP,2023-01-02,active,181345.96,13460.8,BR-166
ACCT-000507-2,CUST-000507,XXXX-XXXX-2540,savings,GBP,2022-12-13,active,19340.28,18124.94,BR-143
ACCT-000508-1,CUST-000508,XXXX-XXXX-9669,loan_ledger,INR,2019-12-07,active,294846.84,39136.86,BR-205
ACCT-000509-1,CUST-000509,XXXX-XXXX-3824,current,SGD,2022-04-17,active,559164.28,5450.89,BR-056
ACCT-000509-2,CUST-000509,XXXX-XXXX-7130,escrow,SGD,2022-01-10,active,802401.65,10499.31,BR-226
ACCT-000509-3,CUST-000509,XXXX-XXXX-8292,trade_finance,SGD,2022-03-03,active,35858.08,8875.04,BR-204
ACCT-000510-1,CUST-000510,XXXX-XXXX-2765,savings,NGN,2021-05-31,active,163194.67,31809.81,BR-231
ACCT-000510-2,CUST-000510,XXXX-XXXX-3543,current,NGN,2021-05-16,dormant,828079.23,46579.74,BR-238
ACCT-000510-3,CUST-000510,XXXX-XXXX-8338,savings,NGN,2021-08-06,dormant,602165.87,15853.02,BR-064
ACCT-000511-1,CUST-000511,XXXX-XXXX-4085,current,USD,2024-09-08,active,38389.76,46414.33,BR-236
ACCT-000512-1,CUST-000512,XXXX-XXXX-2618,savings,NGN,2023-04-22,active,82767.17,85425.22,BR-234
ACCT-000513-1,CUST-000513,XXXX-XXXX-7458,current,AED,2022-03-02,active,579235.46,105682.72,BR-035
ACCT-000514-1,CUST-000514,XXXX-XXXX-7623,current,INR,2025-06-29,active,75067.61,58161.53,BR-027
ACCT-000515-1,CUST-000515,XXXX-XXXX-9152,current,INR,2023-05-05,dormant,693895.95,32615.62,BR-179
ACCT-000516-1,CUST-000516,XXXX-XXXX-6031,current,AED,2020-07-07,active,673318.4,77039.03,BR-045
ACCT-000517-1,CUST-000517,XXXX-XXXX-1773,savings,USD,2019-11-19,dormant,347026.35,73489.69,BR-138
ACCT-000517-2,CUST-000517,XXXX-XXXX-9329,current,USD,2019-12-26,active,161282.82,75391.68,BR-179
ACCT-000518-1,CUST-000518,XXXX-XXXX-4630,current,INR,2020-01-14,active,66594.17,63174.62,BR-053
ACCT-000519-1,CUST-000519,XXXX-XXXX-4375,savings,USD,2017-09-16,active,105581.59,56064.74,BR-232
ACCT-000520-1,CUST-000520,XXXX-XXXX-3900,current,USD,2021-12-26,dormant,744088.42,59404.94,BR-215
ACCT-000521-1,CUST-000521,XXXX-XXXX-5230,current,INR,2022-07-31,active,381133.7,14643.74,BR-222
ACCT-000522-1,CUST-000522,XXXX-XXXX-5466,loan_ledger,INR,2024-02-10,active,10194.43,5007.54,BR-097
ACCT-000522-2,CUST-000522,XXXX-XXXX-8998,loan_ledger,INR,2024-02-13,active,10376.31,4464.45,BR-011
ACCT-000522-3,CUST-000522,XXXX-XXXX-4653,loan_ledger,INR,2023-12-17,active,103827.96,2252.82,BR-203
ACCT-000523-1,CUST-000523,XXXX-XXXX-5202,current,USD,2021-11-15,dormant,643806.01,43656.67,BR-073
ACCT-000524-1,CUST-000524,XXXX-XXXX-2777,current,GBP,2018-08-08,active,356020.71,67141.52,BR-052
ACCT-000525-1,CUST-000525,XXXX-XXXX-3082,loan_ledger,INR,2020-05-23,active,33089.97,42695.09,BR-029
ACCT-000525-2,CUST-000525,XXXX-XXXX-4022,loan_ledger,INR,2020-07-05,active,624561.5,22351.25,BR-112
ACCT-000525-3,CUST-000525,XXXX-XXXX-8242,loan_ledger,INR,2020-05-16,active,37905.66,65183.8,BR-197
ACCT-000526-1,CUST-000526,XXXX-XXXX-1716,current,INR,2023-11-10,active,853781.88,14851.03,BR-065
ACCT-000526-2,CUST-000526,XXXX-XXXX-4287,trade_finance,INR,2023-09-23,active,51728.92,15642.44,BR-075
ACCT-000526-3,CUST-000526,XXXX-XXXX-4184,current,INR,2023-09-07,active,649341.79,8385.84,BR-113
ACCT-000527-1,CUST-000527,XXXX-XXXX-3639,current,GBP,2023-07-14,active,867794.71,40866.65,BR-176
ACCT-000528-1,CUST-000528,XXXX-XXXX-3783,loan_ledger,GBP,2020-07-08,active,290168.98,24353.4,BR-231
ACCT-000529-1,CUST-000529,XXXX-XXXX-1957,current,INR,2019-06-11,active,692057.19,27003.41,BR-058
ACCT-000530-1,CUST-000530,XXXX-XXXX-1324,current,INR,2022-03-07,active,819819.5,19414.21,BR-166
ACCT-000530-2,CUST-000530,XXXX-XXXX-7336,current,INR,2022-03-25,active,673514.4,15678.76,BR-157
ACCT-000531-1,CUST-000531,XXXX-XXXX-8850,trade_finance,EUR,2023-09-10,active,138670.99,114361.83,BR-093
ACCT-000532-1,CUST-000532,XXXX-XXXX-7364,current,GBP,2021-12-18,dormant,793861.8,95005.13,BR-006
ACCT-000533-1,CUST-000533,XXXX-XXXX-7723,current,GBP,2023-10-30,active,487807.17,32238.12,BR-103
ACCT-000534-1,CUST-000534,XXXX-XXXX-7899,custody,INR,2024-09-23,active,415062.8,109605.61,BR-100
ACCT-000535-1,CUST-000535,XXXX-XXXX-3180,current,SGD,2020-05-19,active,186117.66,51587.25,BR-049
ACCT-000536-1,CUST-000536,XXXX-XXXX-6954,credit_card,AED,2022-07-16,active,493836.76,83196.49,BR-105
ACCT-000537-1,CUST-000537,XXXX-XXXX-8704,loan_ledger,USD,2017-03-18,active,587361.46,67210.72,BR-214
ACCT-000538-1,CUST-000538,XXXX-XXXX-4267,trade_finance,GBP,2020-01-17,active,496972.07,33609.33,BR-099
ACCT-000538-2,CUST-000538,XXXX-XXXX-8257,trade_finance,GBP,2020-01-20,active,186601.5,59106.43,BR-045
ACCT-000538-3,CUST-000538,XXXX-XXXX-3553,current,GBP,2020-02-29,active,517987.16,73600.04,BR-039
ACCT-000539-1,CUST-000539,XXXX-XXXX-8973,current,GBP,2022-09-14,active,839785.18,31842.14,BR-189
ACCT-000540-1,CUST-000540,XXXX-XXXX-2404,current,INR,2018-01-01,active,828234.44,179015.01,BR-085
ACCT-000540-2,CUST-000540,XXXX-XXXX-4326,trade_finance,INR,2018-01-29,active,862202.97,98805.66,BR-017
ACCT-000541-1,CUST-000541,XXXX-XXXX-8783,credit_card,INR,2022-01-14,active,158520.98,22585.58,BR-206
ACCT-000542-1,CUST-000542,XXXX-XXXX-7802,trade_finance,SGD,2017-09-17,active,819298.11,127146.25,BR-144
ACCT-000543-1,CUST-000543,XXXX-XXXX-2857,current,USD,2019-01-17,active,132835.02,117155.51,BR-194
ACCT-000544-1,CUST-000544,XXXX-XXXX-8813,savings,USD,2024-05-29,active,18938.75,14668.54,BR-210
ACCT-000545-1,CUST-000545,XXXX-XXXX-8329,current,INR,2016-12-15,active,873296.74,174179.28,BR-146
ACCT-000546-1,CUST-000546,XXXX-XXXX-2128,loan_ledger,INR,2018-02-27,active,562003.96,64179.12,BR-235
ACCT-000547-1,CUST-000547,XXXX-XXXX-4229,current,AED,2020-04-06,dormant,289308.03,41410.67,BR-202
ACCT-000548-1,CUST-000548,XXXX-XXXX-1261,custody,INR,2017-10-17,active,531700.14,166637.75,BR-094
ACCT-000549-1,CUST-000549,XXXX-XXXX-1384,current,EUR,2021-06-28,active,815329.17,9438.36,BR-062
ACCT-000549-2,CUST-000549,XXXX-XXXX-8093,savings,EUR,2021-06-26,active,246280.06,29824.62,BR-169
ACCT-000550-1,CUST-000550,XXXX-XXXX-3140,current,GBP,2019-08-05,active,833964.09,15542.58,BR-147
ACCT-000551-1,CUST-000551,XXXX-XXXX-7226,current,SGD,2020-08-18,active,626064.17,12065.65,BR-097
ACCT-000552-1,CUST-000552,XXXX-XXXX-7671,current,USD,2021-07-09,active,119973.78,43003.07,BR-067
ACCT-000553-1,CUST-000553,XXXX-XXXX-8370,loan_ledger,GBP,2017-08-11,active,77230.98,137812.47,BR-082
ACCT-000554-1,CUST-000554,XXXX-XXXX-2753,savings,GBP,2020-03-22,active,160219.39,49002.8,BR-147
ACCT-000554-2,CUST-000554,XXXX-XXXX-2235,savings,GBP,2020-06-27,active,13089.05,129882.39,BR-223
ACCT-000555-1,CUST-000555,XXXX-XXXX-8549,current,AED,2018-04-01,active,298479.67,17730.76,BR-157
ACCT-000555-2,CUST-000555,XXXX-XXXX-4268,current,AED,2018-04-17,active,833979.17,9632.58,BR-184
ACCT-000555-3,CUST-000555,XXXX-XXXX-4818,credit_card,AED,2018-01-17,active,645564.28,13033.71,BR-161
ACCT-000556-1,CUST-000556,XXXX-XXXX-4048,current,GBP,2023-06-15,active,658676.7,161231.83,BR-221
ACCT-000557-1,CUST-000557,XXXX-XXXX-3881,current,SGD,2020-08-08,dormant,237672.17,170654.68,BR-148
ACCT-000558-1,CUST-000558,XXXX-XXXX-4083,current,INR,2017-04-29,active,289943.5,113713.42,BR-042
ACCT-000558-2,CUST-000558,XXXX-XXXX-5861,current,INR,2017-05-17,active,456482.35,55346.74,BR-110
ACCT-000558-3,CUST-000558,XXXX-XXXX-9692,current,INR,2017-03-15,active,801609.91,88234.02,BR-073
ACCT-000559-1,CUST-000559,XXXX-XXXX-6639,current,GBP,2021-06-08,active,55303.18,25553.22,BR-111
ACCT-000559-2,CUST-000559,XXXX-XXXX-1196,current,GBP,2021-09-05,dormant,607376.51,15754.45,BR-198
ACCT-000560-1,CUST-000560,XXXX-XXXX-2079,current,AED,2022-01-23,active,654706.88,42943.6,BR-092
ACCT-000560-2,CUST-000560,XXXX-XXXX-9187,savings,AED,2021-12-28,active,440689.62,56787.81,BR-191
ACCT-000560-3,CUST-000560,XXXX-XXXX-1699,current,AED,2022-01-11,active,369349.43,77174.43,BR-084
ACCT-000561-1,CUST-000561,XXXX-XXXX-8608,savings,INR,2024-11-02,active,128732.52,106053.69,BR-108
ACCT-000561-2,CUST-000561,XXXX-XXXX-6189,credit_card,INR,2025-01-01,active,783355.2,49889.2,BR-094
ACCT-000561-3,CUST-000561,XXXX-XXXX-3830,current,INR,2024-12-22,active,851492.6,56205.69,BR-005
ACCT-000562-1,CUST-000562,XXXX-XXXX-1355,current,SGD,2021-01-16,active,143326.39,68046.33,BR-219
ACCT-000563-1,CUST-000563,XXXX-XXXX-9177,current,INR,2020-04-01,active,852650.47,60009.18,BR-171
ACCT-000564-1,CUST-000564,XXXX-XXXX-8810,current,USD,2025-02-20,active,128188.54,150007.95,BR-127
ACCT-000565-1,CUST-000565,XXXX-XXXX-3598,current,INR,2019-09-12,active,280240.12,143261.72,BR-157
ACCT-000565-2,CUST-000565,XXXX-XXXX-5618,current,INR,2019-09-27,active,336645.87,153263.99,BR-033
ACCT-000566-1,CUST-000566,XXXX-XXXX-8324,escrow,GBP,2023-06-06,active,222252.76,133022.7,BR-177
ACCT-000567-1,CUST-000567,XXXX-XXXX-8801,trade_finance,SGD,2018-08-10,active,499941.18,60863.66,BR-085
ACCT-000568-1,CUST-000568,XXXX-XXXX-4750,credit_card,AED,2021-02-28,active,548839.02,55617.26,BR-064
ACCT-000568-2,CUST-000568,XXXX-XXXX-6135,current,AED,2021-03-19,active,86928.81,52686.31,BR-160
ACCT-000569-1,CUST-000569,XXXX-XXXX-5358,current,INR,2021-04-05,active,351229.25,42338.21,BR-198
ACCT-000570-1,CUST-000570,XXXX-XXXX-8761,current,INR,2017-02-02,active,570129.77,60024.34,BR-212
ACCT-000571-1,CUST-000571,XXXX-XXXX-6243,current,SGD,2022-08-01,active,283437.28,194674.43,BR-052
ACCT-000571-2,CUST-000571,XXXX-XXXX-2972,savings,SGD,2022-07-14,active,55446.09,194913.69,BR-135
ACCT-000572-1,CUST-000572,XXXX-XXXX-7930,current,AED,2024-09-02,active,767578.21,112402.07,BR-053
ACCT-000572-2,CUST-000572,XXXX-XXXX-7904,current,AED,2024-05-27,active,418980.59,213089.24,BR-038
ACCT-000573-1,CUST-000573,XXXX-XXXX-8276,current,SGD,2024-05-02,active,97862.64,44573.49,BR-071
ACCT-000574-1,CUST-000574,XXXX-XXXX-3105,loan_ledger,INR,2023-05-08,active,16243.64,28444.39,BR-084
ACCT-000575-1,CUST-000575,XXXX-XXXX-1417,current,GBP,2016-12-18,active,582049.16,41789.89,BR-084
ACCT-000576-1,CUST-000576,XXXX-XXXX-6308,custody,USD,2023-01-14,active,512108.14,117682.41,BR-015
ACCT-000577-1,CUST-000577,XXXX-XXXX-2112,current,GBP,2022-06-13,active,92925.64,60013.54,BR-183
ACCT-000577-2,CUST-000577,XXXX-XXXX-6850,loan_ledger,GBP,2022-07-16,active,371964.97,124349.82,BR-127
ACCT-000578-1,CUST-000578,XXXX-XXXX-7487,current,INR,2020-07-06,active,493739.67,8342.46,BR-054
ACCT-000579-1,CUST-000579,XXXX-XXXX-4725,current,GBP,2019-03-20,active,580637.96,103000.2,BR-014
ACCT-000580-1,CUST-000580,XXXX-XXXX-1691,savings,GBP,2022-04-19,active,210166.42,77369.39,BR-223
ACCT-000580-2,CUST-000580,XXXX-XXXX-7349,current,GBP,2022-03-29,active,603566.44,58161.91,BR-196
ACCT-000581-1,CUST-000581,XXXX-XXXX-2113,loan_ledger,USD,2020-07-14,active,531112.13,29079.43,BR-150
ACCT-000582-1,CUST-000582,XXXX-XXXX-7031,current,INR,2023-02-28,active,746303.97,122903.64,BR-039
ACCT-000583-1,CUST-000583,XXXX-XXXX-5610,credit_card,USD,2021-05-31,active,337496.22,126932.61,BR-214
ACCT-000584-1,CUST-000584,XXXX-XXXX-6358,savings,USD,2024-06-08,active,353976.56,140372.12,BR-116
ACCT-000585-1,CUST-000585,XXXX-XXXX-7646,trade_finance,GBP,2019-02-24,active,102311.45,106086.17,BR-028
ACCT-000586-1,CUST-000586,XXXX-XXXX-5892,savings,INR,2022-12-07,active,607111.49,192060.63,BR-210
ACCT-000586-2,CUST-000586,XXXX-XXXX-4765,current,INR,2023-01-10,active,796058.01,96228.86,BR-131
ACCT-000587-1,CUST-000587,XXXX-XXXX-6471,current,USD,2023-01-25,active,852168.77,885.1,BR-084
ACCT-000588-1,CUST-000588,XXXX-XXXX-9055,current,INR,2024-06-06,active,537469.6,190239.17,BR-171
ACCT-000589-1,CUST-000589,XXXX-XXXX-1004,current,INR,2024-04-10,active,557729.79,187656.67,BR-071
ACCT-000589-2,CUST-000589,XXXX-XXXX-7249,credit_card,INR,2024-03-01,active,865126.35,72816.36,BR-095
ACCT-000590-1,CUST-000590,XXXX-XXXX-2246,current,NGN,2018-12-04,active,588609.75,90322.83,BR-009
ACCT-000591-1,CUST-000591,XXXX-XXXX-4353,current,NGN,2025-02-22,active,573402.1,230643.04,BR-203
ACCT-000591-2,CUST-000591,XXXX-XXXX-3860,current,NGN,2025-05-19,active,78399.65,106851.3,BR-223
ACCT-000592-1,CUST-000592,XXXX-XXXX-1369,savings,GBP,2020-08-11,active,432272.77,67787.72,BR-040
ACCT-000592-2,CUST-000592,XXXX-XXXX-1489,current,GBP,2020-08-27,active,389806.28,51647.4,BR-045
ACCT-000593-1,CUST-000593,XXXX-XXXX-2032,loan_ledger,INR,2022-08-09,dormant,788861.87,145538.79,BR-185
ACCT-000593-2,CUST-000593,XXXX-XXXX-1399,loan_ledger,INR,2022-11-14,active,866907.46,76150.39,BR-177
ACCT-000593-3,CUST-000593,XXXX-XXXX-1722,loan_ledger,INR,2022-08-04,active,752017.84,109030.7,BR-180
ACCT-000594-1,CUST-000594,XXXX-XXXX-5694,current,INR,2022-04-05,active,538646.12,122020.21,BR-121
ACCT-000595-1,CUST-000595,XXXX-XXXX-9859,current,GBP,2018-12-02,active,661940.27,78961.11,BR-045
ACCT-000596-1,CUST-000596,XXXX-XXXX-3418,current,AED,2023-05-27,active,676741.65,10954.07,BR-139
ACCT-000597-1,CUST-000597,XXXX-XXXX-5148,credit_card,GBP,2017-01-13,active,300190.86,50151.6,BR-120
ACCT-000598-1,CUST-000598,XXXX-XXXX-1700,current,AED,2024-07-15,active,826550.52,214216.95,BR-038
ACCT-000599-1,CUST-000599,XXXX-XXXX-3285,current,USD,2023-09-13,dormant,713257.74,19150.08,BR-102
ACCT-000600-1,CUST-000600,XXXX-XXXX-9912,current,USD,2020-11-29,active,94329.97,62702.14,BR-240
