alert_id,customer_id,rule_code,severity,raised_at,status,analyst_notes
ALERT-0000001,CUST-000007,R01_VELOCITY,low,2026-09-24,suppressed,
ALERT-0000002,CUST-000013,R01_VELOCITY,low,2026-09-26,open,
ALERT-0000003,CUST-000021,R07_GEO,low,2026-09-28,closed,
ALERT-0000004,CUST-000022,R01_VELOCITY,low,2026-08-16,suppressed,
ALERT-0000005,CUST-000038,R22_SANCTIONS_SCREEN,low,2026-09-23,closed,
ALERT-0000006,CUST-000039,R12_STRUCT,low,2026-09-03,open,
ALERT-0000007,CUST-000055,R07_GEO,medium,2026-08-31,suppressed,
ALERT-0000008,CUST-000058,R12_STRUCT,medium,2026-08-31,suppressed,
ALERT-0000009,CUST-000066,R07_GEO,high,2026-09-21,closed,
ALERT-0000010,CUST-000067,R01_VELOCITY,low,2026-08-25,suppressed,
ALERT-0000011,CUST-000069,R22_SANCTIONS_SCREEN,high,2026-09-06,suppressed,
ALERT-0000012,CUST-000079,R22_SANCTIONS_SCREEN,low,2026-08-25,closed,
ALERT-0000013,CUST-000081,R01_VELOCITY,medium,2026-09-26,open,
ALERT-0000014,CUST-000089,R07_GEO,medium,2026-09-28,closed,
ALERT-0000015,CUST-000107,R07_GEO,high,2026-08-16,suppressed,
ALERT-0000016,CUST-000115,R12_STRUCT,low,2026-09-18,closed,
ALERT-0000017,CUST-000116,R22_SANCTIONS_SCREEN,medium,2026-08-25,open,
ALERT-0000018,CUST-000145,R01_VELOCITY,high,2026-09-20,suppressed,
ALERT-0000019,CUST-000155,R22_SANCTIONS_SCREEN,high,2026-08-31,suppressed,
ALERT-0000020,CUST-000158,R01_VELOCITY,high,2026-08-28,open,
ALERT-0000021,CUST-000160,R01_VELOCITY,high,2026-09-14,closed,
ALERT-0000022,CUST-000162,R22_SANCTIONS_SCREEN,low,2026-09-13,suppressed,
ALERT-0000023,CUST-000163,R22_SANCTIONS_SCREEN,high,2026-08-30,open,
ALERT-0000024,CUST-000166,R12_STRUCT,medium,2026-09-20,open,
ALERT-0000025,CUST-000167,R07_GEO,high,2026-08-28,closed,
ALERT-0000026,CUST-000168,R01_VELOCITY,low,2026-09-15,open,
ALERT-0000027,CUST-000190,R12_STRUCT,high,2026-09-24,suppressed,
ALERT-0000028,CUST-000198,R07_GEO,medium,2026-09-03,suppressed,
ALERT-0000029,CUST-000203,R22_SANCTIONS_SCREEN,high,2026-09-15,open,
ALERT-0000030,CUST-000205,R01_VELOCITY,low,2026-09-24,suppressed,
ALERT-0000031,CUST-000211,R07_GEO,medium,2026-09-21,closed,
ALERT-0000032,CUST-000213,R07_GEO,high,2026-08-16,closed,
ALERT-0000033,CUST-000223,R22_SANCTIONS_SCREEN,high,2026-09-05,suppressed,
ALERT-0000034,CUST-000226,R12_STRUCT,low,2026-09-16,open,
ALERT-0000035,CUST-000238,R22_SANCTIONS_SCREEN,high,2026-08-23,suppressed,
ALERT-0000036,CUST-000240,R12_STRUCT,low,2026-09-01,open,
ALERT-0000037,CUST-000241,R12_STRUCT,low,2026-08-28,suppressed,
ALERT-0000038,CUST-000243,R12_STRUCT,high,2026-08-29,closed,
ALERT-0000039,CUST-000260,R01_VELOCITY,high,2026-09-20,closed,
ALERT-0000040,CUST-000271,R22_SANCTIONS_SCREEN,medium,2026-08-26,closed,
ALERT-0000041,CUST-000292,R07_GEO,medium,2026-08-17,closed,
ALERT-0000042,CUST-000298,R07_GEO,medium,2026-09-13,open,
ALERT-0000043,CUST-000302,R22_SANCTIONS_SCREEN,high,2026-08-17,suppressed,
ALERT-0000044,CUST-000306,R07_GEO,low,2026-09-09,suppressed,
ALERT-0000045,CUST-000309,R12_STRUCT,low,2026-09-23,open,
ALERT-0000046,CUST-000312,R22_SANCTIONS_SCREEN,medium,2026-09-08,open,
ALERT-0000047,CUST-000314,R07_GEO,high,2026-08-28,suppressed,
ALERT-0000048,CUST-000322,R01_VELOCITY,low,2026-09-13,suppressed,
ALERT-0000049,CUST-000340,R01_VELOCITY,high,2026-09-26,open,
ALERT-0000050,CUST-000349,R22_SANCTIONS_SCREEN,low,2026-08-29,suppressed,
ALERT-0000051,CUST-000354,R01_VELOCITY,low,2026-09-27,closed,
ALERT-0000052,CUST-000371,R01_VELOCITY,high,2026-09-27,suppressed,
ALERT-0000053,CUST-000373,R22_SANCTIONS_SCREEN,medium,2026-09-14,open,
ALERT-0000054,CUST-000378,R22_SANCTIONS_SCREEN,medium,2026-09-04,closed,
ALERT-0000055,CUST-000386,R07_GEO,low,2026-09-18,closed,
ALERT-0000056,CUST-000389,R01_VELOCITY,high,2026-09-01,closed,
ALERT-0000057,CUST-000399,R22_SANCTIONS_SCREEN,medium,2026-09-15,suppressed,
ALERT-0000058,CUST-000406,R07_GEO,low,2026-08-20,suppressed,
ALERT-0000059,CUST-000422,R07_GEO,medium,2026-08-30,closed,
ALERT-0000060,CUST-000423,R22_SANCTIONS_SCREEN,high,2026-09-18,closed,
ALERT-0000061,CUST-000431,R07_GEO,medium,2026-08-19,closed,
ALERT-0000062,CUST-000450,R12_STRUCT,medium,2026-08-26,closed,
ALERT-0000063,CUST-000454,R22_SANCTIONS_SCREEN,medium,2026-08-22,open,
ALERT-0000064,CUST-000460,R07_GEO,low,2026-08-29,closed,
ALERT-0000065,CUST-000462,R01_VELOCITY,high,2026-09-24,open,
ALERT-0000066,CUST-000464,R22_SANCTIONS_SCREEN,low,2026-09-18,suppressed,
ALERT-0000067,CUST-000471,R12_STRUCT,low,2026-09-08,open,
ALERT-0000068,CUST-000478,R22_SANCTIONS_SCREEN,high,2026-08-19,closed,
ALERT-0000069,CUST-000481,R07_GEO,high,2026-09-27,open,
ALERT-0000070,CUST-000485,R22_SANCTIONS_SCREEN,high,2026-09-12,suppressed,
ALERT-0000071,CUST-000493,R07_GEO,high,2026-08-27,open,
ALERT-0000072,CUST-000498,R22_SANCTIONS_SCREEN,high,2026-09-13,suppressed,
ALERT-0000073,CUST-000500,R12_STRUCT,high,2026-08-14,suppressed,
ALERT-0000074,CUST-000501,R12_STRUCT,low,2026-09-19,closed,
ALERT-0000075,CUST-000509,R07_GEO,high,2026-09-04,open,
ALERT-0000076,CUST-000520,R01_VELOCITY,medium,2026-08-22,closed,
ALERT-0000077,CUST-000521,R01_VELOCITY,medium,2026-08-24,open,
ALERT-0000078,CUST-000522,R12_STRUCT,medium,2026-08-20,closed,
ALERT-0000079,CUST-000531,R07_GEO,low,2026-09-11,suppressed,
ALERT-0000080,CUST-000535,R01_VELOCITY,low,2026-08-16,closed,
ALERT-0000081,CUST-000539,R12_STRUCT,medium,2026-09-25,open,
ALERT-0000082,CUST-000548,R07_GEO,high,2026-08-15,open,
ALERT-0000083,CUST-000554,R22_SANCTIONS_SCREEN,high,2026-09-22,closed,
ALERT-0000084,CUST-000555,R07_GEO,medium,2026-09-08,closed,
ALERT-0000085,CUST-000558,R12_STRUCT,medium,2026-09-28,open,
ALERT-0000086,CUST-000564,R07_GEO,high,2026-08-30,suppressed,
ALERT-0000087,CUST-000571,R01_VELOCITY,high,2026-08-30,suppressed,
ALERT-0000088,CUST-000572,R12_STRUCT,medium,2026-09-24,open,
ALERT-0000089,CUST-000578,R01_VELOCITY,medium,2026-08-30,closed,
ALERT-0000090,CUST-000599,R12_STRUCT,low,2026-09-17,closed,
