counterparty_id,name,jurisdiction,internal_rating,is_related_party
CP-0000,Morales Partners,DE,AA,1
CP-0001,Mensah Holdings,US,AA,0
CP-0002,Morales Trading,US,B,1
CP-0003,Costa Capital,GB,AAA,0
CP-0004,Nair Holdings,US,AA,0
CP-0005,Chen Capital,DE,AAA,0
CP-0006,Saleh Capital,AE,BB,0
CP-0007,Yamamoto Trading,SG,A,1
CP-0008,Ricci Partners,US,AA,0
CP-0009,Morales Trading,AE,BBB,0
CP-0010,Nair Holdings,US,BBB,1
CP-0011,Saleh Trading,GB,B,0
CP-0012,Sato Partners,NG,A,0
CP-0013,Silva Partners,GB,A,0
CP-0014,Morales Trading,SG,A,0
CP-0015,Lindqvist Trading,DE,A,0
CP-0016,Okonkwo Trading,GB,A,1
CP-0017,Farooq Holdings,NG,BB,0
CP-0018,Almeida Partners,SG,BBB,0
CP-0019,Sharma Capital,DE,BB,0
CP-0020,Chen Partners,GB,AAA,0
CP-0021,Ivanov Trading,SG,B,0
CP-0022,Petrov Trading,SG,BBB,0
CP-0023,Rahman Trading,SG,A,0
CP-0024,Costa Holdings,NG,BB,0
CP-0025,Petrov Partners,SG,AAA,0
CP-0026,Ricci Trading,IN,BBB,0
CP-0027,Petrov Holdings,US,A,0
CP-0028,Ortega Trading,DE,A,0
CP-0029,Nair Trading,GB,BB,0
CP-0030,Diallo Capital,AE,BBB,0
CP-0031,Haddad Partners,GB,BBB,1
CP-0032,Volkov Holdings,US,AA,0
CP-0033,Sharma Partners,IN,BB,1
CP-0034,Wei Capital,SG,BBB,0
CP-0035,Fahmy Holdings,AE,AAA,0
CP-0036,Berger Partners,SG,AAA,0
CP-0037,Ivanov Holdings,US,A,1
CP-0038,Bello Capital,GB,B,0
CP-0039,Volkov Trading,US,A,0
