customer_id,as_of_date,exposure_at_default,probability_of_default,loss_given_default,stage,ecl_12m,ecl_lifetime,limit_utilisation,rating_model
CUST-000001,2026-09-28,593813.82,0.09448,0.505,stage_1,28332.28,72834.52,0.2791,RISK-RATING-v3.2
CUST-000002,2026-09-28,6931190.52,0.00699,0.39,stage_0,18895.12,35913.08,0.5488,RISK-RATING-v3.2
CUST-000003,2026-09-28,11700987.3,0.05111,0.556,stage_1,332508.83,654063.25,0.084,RISK-RATING-v3.2
CUST-000004,2026-09-28,1556442.17,0.01373,0.401,stage_0,8569.35,20512.19,0.5832,RISK-RATING-v3.2
CUST-000005,2026-09-28,4374536.99,0.0515,0.263,stage_1,59250.92,187004.54,0.5635,RISK-RATING-v3.2
CUST-000006,2026-09-28,5682064.91,0.04107,0.267,stage_1,62307.76,125367.44,0.3633,RISK-RATING-v3.2
CUST-000007,2026-09-28,3528963.27,0.05735,0.383,stage_1,77513.85,192621.27,0.3398,RISK-RATING-v3.2
CUST-000008,2026-09-28,4517771.13,0.15446,0.399,stage_2,278428.16,507776.7,0.8875,RISK-RATING-v3.2
CUST-000009,2026-09-28,16887430.75,0.03925,0.461,stage_1,305565.39,899282.95,0.5008,RISK-RATING-v3.2
CUST-000010,2026-09-28,31098922.2,0.00803,0.422,stage_0,105383.67,223717.46,0.1349,RISK-RATING-v3.2
CUST-000011,2026-09-28,8045133.39,0.02345,0.522,stage_0,98479.67,275996.61,0.6831,RISK-RATING-v3.2
CUST-000012,2026-09-28,1023972.26,0.03085,0.583,stage_1,18416.7,46719.68,0.2812,RISK-RATING-v3.2
CUST-000013,2026-09-28,7513160.96,0.05,0.601,stage_1,225770.49,374465.41,0.2998,RISK-RATING-v3.2
CUST-000014,2026-09-28,20787047.99,0.02519,0.307,stage_0,160753.1,386815.24,0.2693,RISK-RATING-v3.2
CUST-000015,2026-09-28,17818465.7,0.03743,0.252,stage_1,168070.18,278560.96,0.5164,RISK-RATING-v3.2
CUST-000016,2026-09-28,1847898.15,0.13431,0.403,stage_2,100021.05,223861.79,0.731,RISK-RATING-v3.2
CUST-000017,2026-09-28,767037.52,0.03401,0.642,stage_1,16747.82,44121.37,0.7679,RISK-RATING-v3.2
CUST-000018,2026-09-28,6234802.93,0.03509,0.636,stage_1,139143.59,403888.84,0.3008,RISK-RATING-v3.2
CUST-000019,2026-09-28,11588560.19,0.0344,0.491,stage_1,195735.42,610765.94,0.2367,RISK-RATING-v3.2
CUST-000020,2026-09-28,29975534.51,0.00514,0.492,stage_0,75804.53,129940.98,0.1824,RISK-RATING-v3.2
CUST-000021,2026-09-28,16078967.32,0.01825,0.582,stage_0,170782.75,354296.67,0.642,RISK-RATING-v3.2
CUST-000022,2026-09-28,70137.6,0.01579,0.348,stage_0,385.4,859.7,0.8192,RISK-RATING-v3.2
CUST-000023,2026-09-28,5449142.62,0.00603,0.459,stage_0,15081.97,41546.1,0.9003,RISK-RATING-v3.2
CUST-000024,2026-09-28,8572104.29,0.18219,0.53,stage_2,827728.39,2330640.86,0.8343,RISK-RATING-v3.2
CUST-000025,2026-09-28,911216.63,0.02364,0.562,stage_0,12106.13,34143.79,0.9075,RISK-RATING-v3.2
CUST-000026,2026-09-28,12037884.89,0.0306,0.37,stage_1,136292.93,259365.45,0.2622,RISK-RATING-v3.2
CUST-000027,2026-09-28,12699995.44,0.03632,0.341,stage_1,157290.97,422606.06,0.6122,RISK-RATING-v3.2
CUST-000028,2026-09-28,26707620.25,0.14138,0.289,stage_2,1091241.85,2458102.69,0.9474,RISK-RATING-v3.2
CUST-000029,2026-09-28,22449031.68,0.02151,0.256,stage_0,123616.94,323157.47,0.3329,RISK-RATING-v3.2
CUST-000030,2026-09-28,8673897.67,0.03906,0.365,stage_1,123662.89,395309.98,0.1878,RISK-RATING-v3.2
CUST-000031,2026-09-28,5878607.45,0.02693,0.356,stage_0,56358.68,120940.74,0.8906,RISK-RATING-v3.2
CUST-000032,2026-09-28,1226559.52,0.01716,0.502,stage_0,10565.98,24382.92,0.9543,RISK-RATING-v3.2
CUST-000033,2026-09-28,8173906.27,0.02571,0.523,stage_0,109909.04,211920.46,0.9363,RISK-RATING-v3.2
CUST-000034,2026-09-28,3841931.18,0.05475,0.442,stage_1,92972.81,262540.35,0.3026,RISK-RATING-v3.2
CUST-000035,2026-09-28,8160988.71,0.01878,0.597,stage_0,91498.23,153537.87,0.4322,RISK-RATING-v3.2
CUST-000036,2026-09-28,1495989.42,0.05999,0.292,stage_1,26205.37,76038.72,0.2968,RISK-RATING-v3.2
CUST-000037,2026-09-28,17017111.17,0.19725,0.469,stage_2,1574257.21,4635916.72,0.6548,RISK-RATING-v3.2
CUST-000038,2026-09-28,4393866.07,0.03764,0.605,stage_1,100058.0,220758.98,0.4467,RISK-RATING-v3.2
CUST-000039,2026-09-28,12051087.91,0.01958,0.391,stage_0,92260.48,253762.23,0.9573,RISK-RATING-v3.2
CUST-000040,2026-09-28,15516254.83,0.04964,0.423,stage_1,325805.97,1076082.57,0.8138,RISK-RATING-v3.2
CUST-000041,2026-09-28,7596035.09,0.00503,0.285,stage_0,10889.3,28568.29,0.3091,RISK-RATING-v3.2
CUST-000042,2026-09-28,13163838.03,0.0197,0.487,stage_0,126292.55,231001.25,0.615,RISK-RATING-v3.2
CUST-000043,2026-09-28,7854596.51,0.01592,0.58,stage_0,72526.2,192829.18,0.684,RISK-RATING-v3.2
CUST-000044,2026-09-28,10430360.87,0.04483,0.298,stage_1,139342.74,412093.48,0.347,RISK-RATING-v3.2
CUST-000045,2026-09-28,19920261.92,0.02336,0.384,stage_0,178689.53,537349.85,0.1825,RISK-RATING-v3.2
CUST-000046,2026-09-28,3981940.94,0.01794,0.545,stage_0,38932.63,62516.45,0.842,RISK-RATING-v3.2
CUST-000047,2026-09-28,2591113.32,0.04151,0.649,stage_1,69804.57,205459.88,0.5197,RISK-RATING-v3.2
CUST-000048,2026-09-28,11528845.0,0.04431,0.373,stage_1,190544.48,403280.74,0.6336,RISK-RATING-v3.2
CUST-000049,2026-09-28,24002930.44,0.1626,0.519,stage_2,2025592.9,4419043.21,0.4407,RISK-RATING-v3.2
CUST-000050,2026-09-28,19064809.98,0.00537,0.486,stage_0,49755.72,125231.38,0.6251,RISK-RATING-v3.2
CUST-000051,2026-09-28,9111785.84,0.10708,0.5,stage_2,487845.01,1385096.86,0.3561,RISK-RATING-v3.2
CUST-000052,2026-09-28,19557043.17,0.00859,0.388,stage_0,65182.06,206824.59,0.1612,RISK-RATING-v3.2
CUST-000053,2026-09-28,9332165.24,0.11069,0.54,stage_2,557807.78,971033.46,0.1535,RISK-RATING-v3.2
CUST-000054,2026-09-28,12067246.15,0.01917,0.256,stage_0,59220.25,100922.6,0.2061,RISK-RATING-v3.2
CUST-000055,2026-09-28,4003527.4,0.02922,0.627,stage_0,73348.39,183589.4,0.5383,RISK-RATING-v3.2
CUST-000056,2026-09-28,2172925.8,0.02067,0.255,stage_0,11453.17,23251.31,0.5662,RISK-RATING-v3.2
CUST-000057,2026-09-28,1503882.43,0.05406,0.336,stage_1,27316.76,52145.78,0.313,RISK-RATING-v3.2
CUST-000058,2026-09-28,14218135.99,0.02263,0.624,stage_0,200776.0,601582.92,0.3366,RISK-RATING-v3.2
CUST-000059,2026-09-28,3969264.88,0.04279,0.494,stage_1,83903.35,200002.11,0.3946,RISK-RATING-v3.2
CUST-000060,2026-09-28,606508.6,0.01309,0.46,stage_0,3652.03,6040.01,0.7224,RISK-RATING-v3.2
CUST-000061,2026-09-28,16886811.35,0.15805,0.608,stage_2,1622728.0,4391822.55,0.3736,RISK-RATING-v3.2
CUST-000062,2026-09-28,11348810.23,0.0024,0.332,stage_0,9042.73,28774.51,0.8361,RISK-RATING-v3.2
CUST-000063,2026-09-28,12549837.78,0.01181,0.467,stage_0,69215.74,176925.48,0.4193,RISK-RATING-v3.2
CUST-000064,2026-09-28,1162059.35,0.01947,0.328,stage_0,7421.1,24965.48,0.6699,RISK-RATING-v3.2
CUST-000065,2026-09-28,17395706.07,0.08736,0.262,stage_1,398158.49,1118258.06,0.4889,RISK-RATING-v3.2
CUST-000066,2026-09-28,23683389.05,0.01722,0.329,stage_0,134175.4,321210.78,0.0815,RISK-RATING-v3.2
CUST-000067,2026-09-28,5584353.68,0.07884,0.489,stage_1,215292.25,413984.94,0.2957,RISK-RATING-v3.2
CUST-000068,2026-09-28,4521773.87,0.12973,0.268,stage_2,157211.41,383830.5,0.6825,RISK-RATING-v3.2
CUST-000069,2026-09-28,6593731.56,0.1934,0.526,stage_2,670769.76,2128115.57,0.467,RISK-RATING-v3.2
CUST-000070,2026-09-28,8626643.74,0.1605,0.596,stage_2,825207.49,2028340.94,0.2645,RISK-RATING-v3.2
CUST-000071,2026-09-28,14971282.64,0.06423,0.333,stage_1,320214.63,690556.93,0.8175,RISK-RATING-v3.2
CUST-000072,2026-09-28,4252467.47,0.14265,0.405,stage_2,245678.87,672550.91,0.7038,RISK-RATING-v3.2
CUST-000073,2026-09-28,1016569.27,0.0438,0.579,stage_1,25780.4,41274.71,0.6394,RISK-RATING-v3.2
CUST-000074,2026-09-28,21195737.32,0.01146,0.454,stage_0,110278.03,236424.09,0.9059,RISK-RATING-v3.2
CUST-000075,2026-09-28,13924588.52,0.14947,0.449,stage_2,934507.4,2137469.23,0.8494,RISK-RATING-v3.2
CUST-000076,2026-09-28,2766332.87,0.02042,0.442,stage_0,24967.92,47550.21,0.1043,RISK-RATING-v3.2
CUST-000077,2026-09-28,6076574.17,0.02523,0.629,stage_0,96433.23,176789.66,0.7318,RISK-RATING-v3.2
CUST-000078,2026-09-28,28989036.18,0.0773,0.599,stage_1,1342270.65,2695670.65,0.6044,RISK-RATING-v3.2
CUST-000079,2026-09-28,2603148.25,0.04405,0.564,stage_1,64673.14,212816.14,0.1063,RISK-RATING-v3.2
CUST-000080,2026-09-28,23480560.86,0.01871,0.395,stage_0,173531.91,510038.43,0.9802,RISK-RATING-v3.2
CUST-000081,2026-09-28,2171244.24,0.1038,0.565,stage_2,127336.96,308431.99,0.2829,RISK-RATING-v3.2
CUST-000082,2026-09-28,2368907.68,0.01989,0.375,stage_0,17669.09,33307.1,0.6423,RISK-RATING-v3.2
CUST-000083,2026-09-28,6228361.57,0.00914,0.3,stage_0,17078.17,32248.42,0.938,RISK-RATING-v3.2
CUST-000084,2026-09-28,17859670.39,0.04429,0.407,stage_1,321938.95,905647.04,0.9301,RISK-RATING-v3.2
CUST-000085,2026-09-28,567751.99,0.03393,0.568,stage_1,10941.85,27316.19,0.3053,RISK-RATING-v3.2
CUST-000086,2026-09-28,1869634.61,0.1198,0.568,stage_2,127221.9,264867.76,0.0619,RISK-RATING-v3.2
CUST-000087,2026-09-28,5022572.69,0.03383,0.626,stage_1,106365.93,267999.19,0.0531,RISK-RATING-v3.2
CUST-000088,2026-09-28,19617169.66,0.01141,0.424,stage_0,94904.73,164619.26,0.6685,RISK-RATING-v3.2
CUST-000089,2026-09-28,1574934.34,0.0091,0.507,stage_0,7266.27,13109.26,0.3598,RISK-RATING-v3.2
CUST-000090,2026-09-28,24701662.56,0.00291,0.468,stage_0,33640.7,54731.78,0.1839,RISK-RATING-v3.2
CUST-000091,2026-09-28,1422408.71,0.03704,0.501,stage_1,26395.7,89651.66,0.9412,RISK-RATING-v3.2
CUST-000092,2026-09-28,9497915.94,0.04572,0.633,stage_1,274876.91,499462.29,0.0776,RISK-RATING-v3.2
CUST-000093,2026-09-28,2105939.28,0.0211,0.53,stage_0,23550.72,61935.49,0.6155,RISK-RATING-v3.2
CUST-000094,2026-09-28,6554993.45,0.0157,0.379,stage_0,39004.18,131475.37,0.3215,RISK-RATING-v3.2
CUST-000095,2026-09-28,6258658.94,0.10298,0.373,stage_2,240404.73,747796.44,0.6252,RISK-RATING-v3.2
CUST-000096,2026-09-28,28791082.08,0.02509,0.341,stage_0,246327.57,511158.07,0.8986,RISK-RATING-v3.2
CUST-000097,2026-09-28,12628528.82,0.0041,0.303,stage_0,15688.42,46504.71,0.943,RISK-RATING-v3.2
CUST-000098,2026-09-28,3165222.23,0.03721,0.34,stage_1,40044.49,74943.74,0.4372,RISK-RATING-v3.2
CUST-000099,2026-09-28,12243170.95,0.03799,0.542,stage_1,252093.99,651919.31,0.3086,RISK-RATING-v3.2
CUST-000100,2026-09-28,5519756.74,0.09723,0.459,stage_1,246338.85,556528.29,0.8317,RISK-RATING-v3.2
CUST-000101,2026-09-28,10903667.86,0.12478,0.503,stage_2,684361.52,1967021.36,0.322,RISK-RATING-v3.2
CUST-000102,2026-09-28,5895212.25,0.17063,0.277,stage_2,278634.32,809837.0,0.9337,RISK-RATING-v3.2
CUST-000103,2026-09-28,294848.65,0.0412,0.466,stage_1,5660.86,11298.6,0.2977,RISK-RATING-v3.2
CUST-000104,2026-09-28,10805739.83,0.01936,0.45,stage_0,94139.61,155916.75,0.1459,RISK-RATING-v3.2
CUST-000105,2026-09-28,11164519.23,0.01467,0.637,stage_0,104330.09,246103.58,0.7217,RISK-RATING-v3.2
CUST-000106,2026-09-28,4643764.4,0.00565,0.307,stage_0,8054.84,20912.58,0.6574,RISK-RATING-v3.2
CUST-000107,2026-09-28,5061822.75,0.00749,0.279,stage_0,10577.74,23774.99,0.802,RISK-RATING-v3.2
CUST-000108,2026-09-28,18632713.09,0.0129,0.339,stage_0,81482.72,262850.58,0.341,RISK-RATING-v3.2
CUST-000109,2026-09-28,6894010.18,0.01336,0.611,stage_0,56275.53,94824.68,0.1459,RISK-RATING-v3.2
CUST-000110,2026-09-28,13061841.82,0.01079,0.471,stage_0,66381.46,201448.4,0.8741,RISK-RATING-v3.2
CUST-000111,2026-09-28,26036494.93,0.01545,0.366,stage_0,147228.57,450223.08,0.6088,RISK-RATING-v3.2
CUST-000112,2026-09-28,2558981.7,0.02855,0.4,stage_0,29223.57,55567.19,0.8134,RISK-RATING-v3.2
CUST-000113,2026-09-28,12881487.5,0.00796,0.385,stage_0,39476.61,99783.89,0.3372,RISK-RATING-v3.2
CUST-000114,2026-09-28,3677356.02,0.02966,0.391,stage_0,42646.52,139548.43,0.273,RISK-RATING-v3.2
CUST-000115,2026-09-28,9926194.29,0.04454,0.586,stage_1,259078.04,620259.99,0.7301,RISK-RATING-v3.2
CUST-000116,2026-09-28,6161628.27,0.07833,0.499,stage_1,240837.53,439664.73,0.1586,RISK-RATING-v3.2
CUST-000117,2026-09-28,5438535.14,0.04296,0.416,stage_1,97194.02,253105.22,0.7468,RISK-RATING-v3.2
CUST-000118,2026-09-28,21422797.9,0.02446,0.474,stage_0,248376.78,556015.17,0.0805,RISK-RATING-v3.2
CUST-000119,2026-09-28,22852126.14,0.00937,0.368,stage_0,78797.79,215746.28,0.5881,RISK-RATING-v3.2
CUST-000120,2026-09-28,1868757.3,0.04719,0.487,stage_1,42946.9,140086.52,0.1238,RISK-RATING-v3.2
CUST-000121,2026-09-28,1017572.99,0.03098,0.312,stage_1,9835.62,28841.21,0.4047,RISK-RATING-v3.2
CUST-000122,2026-09-28,2559803.92,0.05182,0.446,stage_1,59161.47,142322.49,0.6568,RISK-RATING-v3.2
CUST-000123,2026-09-28,17713705.94,0.00559,0.273,stage_0,27032.36,57069.5,0.7795,RISK-RATING-v3.2
CUST-000124,2026-09-28,6841065.21,0.02362,0.49,stage_0,79177.12,223111.29,0.0545,RISK-RATING-v3.2
CUST-000125,2026-09-28,9231225.74,0.06404,0.64,stage_1,378347.33,1259587.82,0.6854,RISK-RATING-v3.2
CUST-000126,2026-09-28,9851780.31,0.02438,0.391,stage_0,93912.88,233277.14,0.4079,RISK-RATING-v3.2
CUST-000127,2026-09-28,387973.73,0.01783,0.63,stage_0,4358.07,9170.93,0.1879,RISK-RATING-v3.2
CUST-000128,2026-09-28,6243617.32,0.0244,0.305,stage_0,46465.0,89399.81,0.1512,RISK-RATING-v3.2
CUST-000129,2026-09-28,1135174.59,0.05772,0.494,stage_1,32368.01,73622.41,0.2064,RISK-RATING-v3.2
CUST-000130,2026-09-28,5077905.15,0.02421,0.627,stage_0,77080.92,142234.21,0.6811,RISK-RATING-v3.2
CUST-000131,2026-09-28,20392341.37,0.05817,0.361,stage_1,428226.32,784033.77,0.3292,RISK-RATING-v3.2
CUST-000132,2026-09-28,7466854.24,0.17187,0.276,stage_2,354198.59,1020885.23,0.8508,RISK-RATING-v3.2
CUST-000133,2026-09-28,17409988.26,0.00942,0.57,stage_0,93481.19,200806.26,0.9387,RISK-RATING-v3.2
CUST-000134,2026-09-28,944696.2,0.0377,0.355,stage_1,12643.34,28263.71,0.2247,RISK-RATING-v3.2
CUST-000135,2026-09-28,34113207.59,0.10108,0.323,stage_2,1113756.66,3135628.81,0.5855,RISK-RATING-v3.2
CUST-000136,2026-09-28,6452871.56,0.03351,0.443,stage_1,95792.43,282323.09,0.6365,RISK-RATING-v3.2
CUST-000137,2026-09-28,1935667.09,0.0374,0.594,stage_1,43002.01,100586.04,0.4721,RISK-RATING-v3.2
CUST-000138,2026-09-28,7887547.39,0.02243,0.556,stage_0,98366.23,312476.27,0.1337,RISK-RATING-v3.2
CUST-000139,2026-09-28,7446017.91,0.02295,0.504,stage_0,86126.6,149551.21,0.7913,RISK-RATING-v3.2
CUST-000140,2026-09-28,15666486.46,0.00213,0.521,stage_0,17385.57,47094.57,0.3364,RISK-RATING-v3.2
CUST-000141,2026-09-28,3075341.03,0.03086,0.624,stage_1,59220.74,136290.57,0.878,RISK-RATING-v3.2
CUST-000142,2026-09-28,5878079.76,0.12666,0.502,stage_2,373747.83,746854.44,0.1057,RISK-RATING-v3.2
CUST-000143,2026-09-28,3093033.37,0.01796,0.396,stage_0,21998.15,64226.45,0.7788,RISK-RATING-v3.2
CUST-000144,2026-09-28,14328707.44,0.004,0.412,stage_0,23613.71,59191.46,0.6092,RISK-RATING-v3.2
CUST-000145,2026-09-28,10412860.22,0.01489,0.422,stage_0,65430.04,221610.08,0.0753,RISK-RATING-v3.2
CUST-000146,2026-09-28,6929788.62,0.13646,0.492,stage_2,465254.37,794540.12,0.1194,RISK-RATING-v3.2
CUST-000147,2026-09-28,6691204.63,0.00935,0.455,stage_0,28466.06,88343.67,0.5215,RISK-RATING-v3.2
CUST-000148,2026-09-28,5853577.19,0.03209,0.389,stage_1,73070.26,186131.16,0.2682,RISK-RATING-v3.2
CUST-000149,2026-09-28,5467736.19,0.02238,0.503,stage_0,61551.07,132181.83,0.4838,RISK-RATING-v3.2
CUST-000150,2026-09-28,2097628.05,0.02901,0.305,stage_0,18559.92,42808.16,0.3182,RISK-RATING-v3.2
CUST-000151,2026-09-28,22509996.79,0.06111,0.364,stage_1,500713.27,1091439.96,0.1347,RISK-RATING-v3.2
CUST-000152,2026-09-28,3165870.65,0.04955,0.252,stage_1,39530.96,72291.63,0.114,RISK-RATING-v3.2
CUST-000153,2026-09-28,5478140.94,0.0305,0.43,stage_1,71845.82,213282.24,0.2676,RISK-RATING-v3.2
CUST-000154,2026-09-28,13673988.5,0.03722,0.385,stage_1,195944.15,384402.15,0.4194,RISK-RATING-v3.2
CUST-000155,2026-09-28,4818205.57,0.01658,0.416,stage_0,33232.51,87731.47,0.7611,RISK-RATING-v3.2
CUST-000156,2026-09-28,4024809.96,0.00537,0.613,stage_0,13248.91,31068.51,0.8694,RISK-RATING-v3.2
CUST-000157,2026-09-28,21485730.96,0.04421,0.501,stage_1,475891.97,1052011.51,0.1691,RISK-RATING-v3.2
CUST-000158,2026-09-28,7032071.98,0.06946,0.607,stage_1,296487.77,632078.54,0.1367,RISK-RATING-v3.2
CUST-000159,2026-09-28,16845785.71,0.02271,0.344,stage_0,131603.32,211958.46,0.4645,RISK-RATING-v3.2
CUST-000160,2026-09-28,1403054.12,0.0268,0.267,stage_0,10039.69,28063.98,0.195,RISK-RATING-v3.2
CUST-000161,2026-09-28,3934174.13,0.00461,0.263,stage_0,4769.91,15558.21,0.2931,RISK-RATING-v3.2
CUST-000162,2026-09-28,53660.24,0.15941,0.549,stage_2,4696.13,7932.91,0.3427,RISK-RATING-v3.2
CUST-000163,2026-09-28,1947413.4,0.03366,0.493,stage_1,32316.12,66576.6,0.8039,RISK-RATING-v3.2
CUST-000164,2026-09-28,7309028.91,0.03886,0.477,stage_1,135481.77,267898.87,0.3198,RISK-RATING-v3.2
CUST-000165,2026-09-28,8281443.96,0.00888,0.485,stage_0,35666.52,65526.62,0.3518,RISK-RATING-v3.2
CUST-000166,2026-09-28,403558.01,0.10388,0.538,stage_2,22553.82,37526.78,0.7456,RISK-RATING-v3.2
CUST-000167,2026-09-28,19391097.06,0.01103,0.612,stage_0,130896.89,218762.01,0.8496,RISK-RATING-v3.2
CUST-000168,2026-09-28,239381.86,0.01942,0.616,stage_0,2863.66,9501.39,0.267,RISK-RATING-v3.2
CUST-000169,2026-09-28,12909794.33,0.00426,0.43,stage_0,23648.16,52180.98,0.5773,RISK-RATING-v3.2
CUST-000170,2026-09-28,16363053.14,0.18443,0.256,stage_2,772566.5,1417220.06,0.3857,RISK-RATING-v3.2
CUST-000171,2026-09-28,20011798.92,0.01767,0.293,stage_0,103607.29,185341.47,0.5293,RISK-RATING-v3.2
CUST-000172,2026-09-28,1583962.73,0.01682,0.56,stage_0,14919.66,43653.56,0.1935,RISK-RATING-v3.2
CUST-000173,2026-09-28,998320.14,0.11139,0.379,stage_2,42145.89,93745.74,0.4825,RISK-RATING-v3.2
CUST-000174,2026-09-28,11435770.78,0.04065,0.526,stage_1,244518.51,709284.1,0.5973,RISK-RATING-v3.2
CUST-000175,2026-09-28,7795546.68,0.008,0.308,stage_0,19208.23,52312.05,0.3511,RISK-RATING-v3.2
CUST-000176,2026-09-28,1352051.39,0.04463,0.496,stage_1,29929.66,88202.33,0.5392,RISK-RATING-v3.2
CUST-000177,2026-09-28,17139993.19,0.03621,0.408,stage_1,253220.77,524957.92,0.3826,RISK-RATING-v3.2
CUST-000178,2026-09-28,5922050.3,0.03759,0.597,stage_1,132898.09,342719.18,0.9308,RISK-RATING-v3.2
CUST-000179,2026-09-28,13819941.25,0.03436,0.504,stage_1,239326.0,572669.59,0.2682,RISK-RATING-v3.2
CUST-000180,2026-09-28,15177950.85,0.09379,0.609,stage_1,866935.87,2620884.23,0.2719,RISK-RATING-v3.2
CUST-000181,2026-09-28,9764088.92,0.02239,0.291,stage_0,63617.82,119429.63,0.0844,RISK-RATING-v3.2
CUST-000182,2026-09-28,2773688.91,0.10827,0.463,stage_2,139042.28,391395.29,0.6565,RISK-RATING-v3.2
CUST-000183,2026-09-28,20093478.15,0.00584,0.601,stage_0,70524.89,127542.6,0.3011,RISK-RATING-v3.2
CUST-000184,2026-09-28,7977123.66,0.18034,0.403,stage_2,579753.58,1610013.68,0.2302,RISK-RATING-v3.2
CUST-000185,2026-09-28,8441740.72,0.03189,0.46,stage_1,123835.27,215120.02,0.1585,RISK-RATING-v3.2
CUST-000186,2026-09-28,11733051.14,0.04135,0.518,stage_1,251313.74,704568.4,0.6593,RISK-RATING-v3.2
CUST-000187,2026-09-28,10471049.88,0.08277,0.505,stage_1,437677.84,1036326.9,0.5085,RISK-RATING-v3.2
CUST-000188,2026-09-28,1635678.18,0.0245,0.472,stage_0,18914.98,46055.01,0.453,RISK-RATING-v3.2
CUST-000189,2026-09-28,13775125.44,0.09975,0.286,stage_1,392983.67,789479.86,0.5826,RISK-RATING-v3.2
CUST-000190,2026-09-28,8597710.3,0.03769,0.339,stage_1,109852.17,336101.52,0.0566,RISK-RATING-v3.2
CUST-000191,2026-09-28,10545570.61,0.02562,0.562,stage_0,151839.77,479262.7,0.4652,RISK-RATING-v3.2
CUST-000192,2026-09-28,19133700.82,0.0288,0.57,stage_0,314098.83,1047846.1,0.354,RISK-RATING-v3.2
CUST-000193,2026-09-28,5475500.98,0.01469,0.633,stage_0,50915.42,163984.54,0.1777,RISK-RATING-v3.2
CUST-000194,2026-09-28,3284237.6,0.02187,0.589,stage_0,42305.68,111527.6,0.2413,RISK-RATING-v3.2
CUST-000195,2026-09-28,25112415.7,0.00743,0.331,stage_0,61759.72,125789.2,0.2174,RISK-RATING-v3.2
CUST-000196,2026-09-28,971139.67,0.02592,0.42,stage_0,10572.21,32954.04,0.9134,RISK-RATING-v3.2
CUST-000197,2026-09-28,14227814.91,0.01729,0.601,stage_0,147845.35,366890.9,0.8698,RISK-RATING-v3.2
CUST-000198,2026-09-28,10850211.3,0.03332,0.573,stage_1,207156.14,678631.01,0.1739,RISK-RATING-v3.2
CUST-000199,2026-09-28,20831363.64,0.04307,0.454,stage_1,407331.9,1096396.26,0.9001,RISK-RATING-v3.2
CUST-000200,2026-09-28,6919046.26,0.12015,0.539,stage_2,448083.32,1255323.76,0.7575,RISK-RATING-v3.2
CUST-000201,2026-09-28,3532303.12,0.03763,0.428,stage_1,56890.0,162683.02,0.1063,RISK-RATING-v3.2
CUST-000202,2026-09-28,13248427.47,0.02969,0.31,stage_0,121937.2,321233.88,0.729,RISK-RATING-v3.2
CUST-000203,2026-09-28,24039772.92,0.03649,0.286,stage_1,250882.44,425284.43,0.3535,RISK-RATING-v3.2
CUST-000204,2026-09-28,8431373.68,0.00573,0.62,stage_0,29953.3,96606.05,0.81,RISK-RATING-v3.2
CUST-000205,2026-09-28,3567711.84,0.04091,0.487,stage_1,71080.13,120936.19,0.5151,RISK-RATING-v3.2
CUST-000206,2026-09-28,6030158.6,0.03839,0.322,stage_1,74542.29,138153.0,0.3598,RISK-RATING-v3.2
CUST-000207,2026-09-28,17343977.73,0.1144,0.342,stage_2,678579.66,1203708.58,0.3909,RISK-RATING-v3.2
CUST-000208,2026-09-28,3787360.79,0.00224,0.29,stage_0,2460.27,5038.26,0.8289,RISK-RATING-v3.2
CUST-000209,2026-09-28,13951997.09,0.01692,0.455,stage_0,107410.84,260407.31,0.2351,RISK-RATING-v3.2
CUST-000210,2026-09-28,4449774.93,0.15554,0.379,stage_2,262312.72,642431.32,0.0676,RISK-RATING-v3.2
CUST-000211,2026-09-28,16387922.55,0.03544,0.577,stage_1,335114.66,657663.21,0.8232,RISK-RATING-v3.2
CUST-000212,2026-09-28,6139536.18,0.00739,0.55,stage_0,24954.14,43891.56,0.7085,RISK-RATING-v3.2
CUST-000213,2026-09-28,8069168.09,0.14369,0.576,stage_2,667848.25,1169765.14,0.259,RISK-RATING-v3.2
CUST-000214,2026-09-28,17345915.29,0.14607,0.632,stage_2,1601309.68,4239797.91,0.9894,RISK-RATING-v3.2
CUST-000215,2026-09-28,9099296.89,0.02028,0.276,stage_0,50931.31,133272.15,0.2022,RISK-RATING-v3.2
CUST-000216,2026-09-28,9892596.25,0.01582,0.539,stage_0,84353.97,246380.59,0.3444,RISK-RATING-v3.2
CUST-000217,2026-09-28,26637034.19,0.06247,0.261,stage_1,434308.05,1083142.45,0.1923,RISK-RATING-v3.2
CUST-000218,2026-09-28,2308537.51,0.02897,0.574,stage_0,38388.16,118843.35,0.3764,RISK-RATING-v3.2
CUST-000219,2026-09-28,4618581.81,0.02594,0.514,stage_0,61580.29,150722.4,0.5868,RISK-RATING-v3.2
CUST-000220,2026-09-28,24215281.94,0.07166,0.354,stage_1,614284.55,1323334.97,0.4977,RISK-RATING-v3.2
CUST-000221,2026-09-28,6738682.88,0.06638,0.505,stage_1,225893.45,402625.43,0.1497,RISK-RATING-v3.2
CUST-000222,2026-09-28,10364376.54,0.19115,0.328,stage_2,649817.39,1249539.13,0.987,RISK-RATING-v3.2
CUST-000223,2026-09-28,1975495.3,0.01392,0.642,stage_0,17654.29,43605.3,0.7055,RISK-RATING-v3.2
CUST-000224,2026-09-28,13517424.15,0.139,0.564,stage_2,1059711.98,3536512.77,0.2482,RISK-RATING-v3.2
CUST-000225,2026-09-28,6594986.04,0.12594,0.27,stage_2,224254.59,614898.71,0.9082,RISK-RATING-v3.2
CUST-000226,2026-09-28,12091657.85,0.01515,0.488,stage_0,89396.04,231241.92,0.9754,RISK-RATING-v3.2
CUST-000227,2026-09-28,877508.59,0.0734,0.499,stage_1,32140.16,105367.26,0.7325,RISK-RATING-v3.2
CUST-000228,2026-09-28,34442458.78,0.06264,0.535,stage_1,1154249.46,2046207.04,0.8631,RISK-RATING-v3.2
CUST-000229,2026-09-28,975415.54,0.0133,0.622,stage_0,8069.22,14013.98,0.6237,RISK-RATING-v3.2
CUST-000230,2026-09-28,20590774.7,0.03379,0.503,stage_1,349968.43,955169.76,0.1244,RISK-RATING-v3.2
CUST-000231,2026-09-28,5203474.58,0.0808,0.383,stage_1,161028.81,304372.78,0.7613,RISK-RATING-v3.2
CUST-000232,2026-09-28,9011891.8,0.03081,0.281,stage_1,78021.44,156632.04,0.9832,RISK-RATING-v3.2
CUST-000233,2026-09-28,8823908.9,0.08461,0.48,stage_1,358363.65,643447.56,0.7739,RISK-RATING-v3.2
CUST-000234,2026-09-28,22366790.85,0.02126,0.365,stage_0,173564.06,557143.51,0.908,RISK-RATING-v3.2
CUST-000235,2026-09-28,6443114.56,0.10703,0.498,stage_2,343424.06,627357.89,0.3267,RISK-RATING-v3.2
CUST-000236,2026-09-28,3938302.6,0.01196,0.463,stage_0,21808.27,67912.7,0.9407,RISK-RATING-v3.2
CUST-000237,2026-09-28,23542294.79,0.00651,0.616,stage_0,94408.37,283186.59,0.9414,RISK-RATING-v3.2
CUST-000238,2026-09-28,3761299.95,0.11736,0.414,stage_2,182750.43,400852.59,0.5583,RISK-RATING-v3.2
CUST-000239,2026-09-28,14910542.34,0.02208,0.6,stage_0,197534.86,376401.92,0.8699,RISK-RATING-v3.2
CUST-000240,2026-09-28,22935321.86,0.01061,0.285,stage_0,69352.97,173098.19,0.6262,RISK-RATING-v3.2
CUST-000241,2026-09-28,4539810.63,0.01457,0.373,stage_0,24672.1,39504.17,0.9094,RISK-RATING-v3.2
CUST-000242,2026-09-28,8593238.04,0.00704,0.448,stage_0,27102.39,90558.12,0.7875,RISK-RATING-v3.2
CUST-000243,2026-09-28,1156519.12,0.07824,0.627,stage_1,56734.76,164897.47,0.2377,RISK-RATING-v3.2
CUST-000244,2026-09-28,10288198.51,0.02547,0.466,stage_0,122110.83,329735.6,0.2684,RISK-RATING-v3.2
CUST-000245,2026-09-28,6414340.24,0.00491,0.513,stage_0,16156.63,54081.39,0.5468,RISK-RATING-v3.2
CUST-000246,2026-09-28,8996022.82,0.00224,0.601,stage_0,12110.81,27988.05,0.4304,RISK-RATING-v3.2
CUST-000247,2026-09-28,27464867.07,0.05943,0.648,stage_1,1057689.61,2339762.32,0.7415,RISK-RATING-v3.2
CUST-000248,2026-09-28,1858524.73,0.0397,0.643,stage_1,47442.75,120237.51,0.6451,RISK-RATING-v3.2
CUST-000249,2026-09-28,19656396.87,0.03173,0.533,stage_1,332430.75,719511.54,0.9198,RISK-RATING-v3.2
CUST-000250,2026-09-28,4923903.83,0.0222,0.334,stage_0,36509.76,75545.22,0.2109,RISK-RATING-v3.2
CUST-000251,2026-09-28,3816599.33,0.04351,0.287,stage_1,47659.29,143238.71,0.5464,RISK-RATING-v3.2
CUST-000252,2026-09-28,11913385.4,0.01556,0.613,stage_0,113633.21,243387.94,0.2874,RISK-RATING-v3.2
CUST-000253,2026-09-28,3649800.04,0.04267,0.271,stage_1,42204.72,138284.04,0.2574,RISK-RATING-v3.2
CUST-000254,2026-09-28,6001140.52,0.03491,0.538,stage_1,112710.9,265150.57,0.264,RISK-RATING-v3.2
CUST-000255,2026-09-28,12147771.95,0.01705,0.533,stage_0,110394.7,274091.94,0.6182,RISK-RATING-v3.2
CUST-000256,2026-09-28,15430411.48,0.01949,0.5,stage_0,150369.36,281296.78,0.4888,RISK-RATING-v3.2
CUST-000257,2026-09-28,11267034.59,0.0344,0.57,stage_1,220924.01,634418.51,0.6506,RISK-RATING-v3.2
CUST-000258,2026-09-28,14687192.25,0.03614,0.344,stage_1,182593.52,313959.4,0.2092,RISK-RATING-v3.2
CUST-000259,2026-09-28,12480466.15,0.04178,0.588,stage_1,306603.12,761123.58,0.6626,RISK-RATING-v3.2
CUST-000260,2026-09-28,8888366.06,0.17441,0.345,stage_2,534825.87,1620610.47,0.2574,RISK-RATING-v3.2
CUST-000261,2026-09-28,32936226.05,0.03717,0.292,stage_1,357477.94,988332.29,0.1235,RISK-RATING-v3.2
CUST-000262,2026-09-28,11094663.04,0.01767,0.588,stage_0,115273.11,196793.49,0.8356,RISK-RATING-v3.2
CUST-000263,2026-09-28,11120969.78,0.03985,0.368,stage_1,163086.8,470898.42,0.709,RISK-RATING-v3.2
CUST-000264,2026-09-28,239092.53,0.00799,0.449,stage_0,857.75,2610.34,0.8565,RISK-RATING-v3.2
CUST-000265,2026-09-28,10971594.05,0.05896,0.304,stage_1,196653.1,334737.44,0.2159,RISK-RATING-v3.2
CUST-000266,2026-09-28,7078477.56,0.04271,0.52,stage_1,157207.32,532986.53,0.3987,RISK-RATING-v3.2
CUST-000267,2026-09-28,27934598.32,0.02214,0.628,stage_0,388400.42,1104464.6,0.5813,RISK-RATING-v3.2
CUST-000268,2026-09-28,8194017.76,0.03086,0.287,stage_1,72572.94,193478.74,0.8022,RISK-RATING-v3.2
CUST-000269,2026-09-28,18760620.11,0.01633,0.452,stage_0,138475.14,233504.19,0.1684,RISK-RATING-v3.2
CUST-000270,2026-09-28,3898521.52,0.04677,0.493,stage_1,89890.59,156954.29,0.9246,RISK-RATING-v3.2
CUST-000271,2026-09-28,26580633.01,0.00349,0.405,stage_0,37570.4,110086.58,0.8676,RISK-RATING-v3.2
CUST-000272,2026-09-28,720870.91,0.00581,0.59,stage_0,2471.07,5990.32,0.551,RISK-RATING-v3.2
CUST-000273,2026-09-28,20474157.49,0.04161,0.479,stage_1,408074.32,944030.55,0.1882,RISK-RATING-v3.2
CUST-000274,2026-09-28,4895587.91,0.01548,0.462,stage_0,35012.07,107961.31,0.1507,RISK-RATING-v3.2
CUST-000275,2026-09-28,3733673.6,0.02908,0.396,stage_0,42995.79,133511.78,0.415,RISK-RATING-v3.2
CUST-000276,2026-09-28,2653392.7,0.04315,0.483,stage_1,55300.55,167169.23,0.2036,RISK-RATING-v3.2
CUST-000277,2026-09-28,3697557.17,0.0295,0.526,stage_0,57374.99,149501.95,0.299,RISK-RATING-v3.2
CUST-000278,2026-09-28,3388721.14,0.03762,0.309,stage_1,39392.46,106339.75,0.3474,RISK-RATING-v3.2
CUST-000279,2026-09-28,6995923.86,0.03429,0.296,stage_1,71007.51,145723.57,0.7861,RISK-RATING-v3.2
CUST-000280,2026-09-28,17156315.39,0.03696,0.282,stage_1,178815.47,302565.6,0.3652,RISK-RATING-v3.2
CUST-000281,2026-09-28,22930288.79,0.0471,0.583,stage_1,629649.68,1023273.22,0.7499,RISK-RATING-v3.2
CUST-000282,2026-09-28,17672434.39,0.08517,0.525,stage_1,790209.65,1319611.21,0.4088,RISK-RATING-v3.2
CUST-000283,2026-09-28,12083402.52,0.04116,0.501,stage_1,249173.78,818360.86,0.0685,RISK-RATING-v3.2
CUST-000284,2026-09-28,2561169.56,0.03185,0.469,stage_1,38257.85,95559.4,0.1472,RISK-RATING-v3.2
CUST-000285,2026-09-28,1238648.64,0.19553,0.387,stage_2,93728.68,285948.56,0.2413,RISK-RATING-v3.2
CUST-000286,2026-09-28,15071002.21,0.01967,0.639,stage_0,189429.39,564731.52,0.532,RISK-RATING-v3.2
CUST-000287,2026-09-28,14419252.04,0.1024,0.445,stage_2,657056.48,1781697.27,0.8962,RISK-RATING-v3.2
CUST-000288,2026-09-28,14658800.6,0.0406,0.326,stage_1,194018.02,326702.57,0.8538,RISK-RATING-v3.2
CUST-000289,2026-09-28,1325353.26,0.027,0.46,stage_0,16460.89,39234.62,0.8609,RISK-RATING-v3.2
CUST-000290,2026-09-28,5122090.17,0.00486,0.331,stage_0,8239.7,21170.18,0.2246,RISK-RATING-v3.2
CUST-000291,2026-09-28,4875255.6,0.00797,0.487,stage_0,18922.77,43597.2,0.3165,RISK-RATING-v3.2
CUST-000292,2026-09-28,24550952.22,0.0243,0.521,stage_0,310822.42,843109.69,0.9723,RISK-RATING-v3.2
CUST-000293,2026-09-28,9338557.91,0.02121,0.633,stage_0,125378.82,322724.04,0.6896,RISK-RATING-v3.2
CUST-000294,2026-09-28,29495075.83,0.13848,0.548,stage_2,2238294.0,6305656.09,0.7991,RISK-RATING-v3.2
CUST-000295,2026-09-28,5817049.56,0.14175,0.368,stage_2,303440.57,604203.29,0.748,RISK-RATING-v3.2
CUST-000296,2026-09-28,25780814.35,0.02171,0.602,stage_0,336940.29,1133392.98,0.7725,RISK-RATING-v3.2
CUST-000297,2026-09-28,4430117.37,0.01891,0.3,stage_0,25132.06,56294.46,0.6649,RISK-RATING-v3.2
CUST-000298,2026-09-28,10192883.97,0.09588,0.347,stage_1,339120.92,963530.91,0.5628,RISK-RATING-v3.2
CUST-000299,2026-09-28,1082149.84,0.04321,0.254,stage_1,11876.96,37697.54,0.4804,RISK-RATING-v3.2
CUST-000300,2026-09-28,17495145.33,0.02192,0.422,stage_0,161834.29,454734.2,0.2649,RISK-RATING-v3.2
CUST-000301,2026-09-28,10806750.4,0.03292,0.635,stage_1,225906.47,582042.3,0.0962,RISK-RATING-v3.2
CUST-000302,2026-09-28,6916351.79,0.17361,0.371,stage_2,445477.45,857490.09,0.7042,RISK-RATING-v3.2
CUST-000303,2026-09-28,5819853.14,0.01985,0.364,stage_0,42050.77,85578.3,0.8137,RISK-RATING-v3.2
CUST-000304,2026-09-28,12167474.42,0.01512,0.336,stage_0,61814.66,155360.18,0.058,RISK-RATING-v3.2
CUST-000305,2026-09-28,10970315.6,0.04024,0.514,stage_1,226902.99,413330.69,0.9292,RISK-RATING-v3.2
CUST-000306,2026-09-28,9876307.73,0.06974,0.474,stage_1,326478.73,967778.47,0.5861,RISK-RATING-v3.2
CUST-000307,2026-09-28,8333957.24,0.18551,0.562,stage_2,868870.21,2290355.75,0.8623,RISK-RATING-v3.2
CUST-000308,2026-09-28,7990954.56,0.04982,0.313,stage_1,124608.23,271595.49,0.7414,RISK-RATING-v3.2
CUST-000309,2026-09-28,2630690.06,0.02382,0.602,stage_0,37723.15,62126.45,0.541,RISK-RATING-v3.2
CUST-000310,2026-09-28,11198792.03,0.02317,0.621,stage_0,161134.6,529407.43,0.9,RISK-RATING-v3.2
CUST-000311,2026-09-28,15400418.87,0.03795,0.393,stage_1,229687.24,496201.14,0.1504,RISK-RATING-v3.2
CUST-000312,2026-09-28,15288276.14,0.04232,0.547,stage_1,353908.92,1194485.65,0.3812,RISK-RATING-v3.2
CUST-000313,2026-09-28,11103772.99,0.07317,0.381,stage_1,309548.43,970371.24,0.7155,RISK-RATING-v3.2
CUST-000314,2026-09-28,8751755.44,0.0707,0.557,stage_1,344643.25,639583.95,0.4921,RISK-RATING-v3.2
CUST-000315,2026-09-28,27559060.39,0.03131,0.642,stage_1,553965.22,1564558.55,0.5621,RISK-RATING-v3.2
CUST-000316,2026-09-28,10539119.62,0.0064,0.588,stage_0,39660.81,114794.55,0.8797,RISK-RATING-v3.2
CUST-000317,2026-09-28,13818661.97,0.09002,0.622,stage_1,773740.6,1707015.97,0.2134,RISK-RATING-v3.2
CUST-000318,2026-09-28,1477991.98,0.09433,0.48,stage_1,66921.11,127475.71,0.1006,RISK-RATING-v3.2
CUST-000319,2026-09-28,14415328.63,0.09287,0.366,stage_1,489983.07,1640938.74,0.3909,RISK-RATING-v3.2
CUST-000320,2026-09-28,17156009.25,0.04303,0.404,stage_1,298242.12,685307.72,0.6116,RISK-RATING-v3.2
CUST-000321,2026-09-28,13915497.52,0.04249,0.365,stage_1,215813.36,700235.65,0.3358,RISK-RATING-v3.2
CUST-000322,2026-09-28,13627700.53,0.11245,0.583,stage_2,893409.56,2499934.42,0.4718,RISK-RATING-v3.2
CUST-000323,2026-09-28,7859679.34,0.03642,0.271,stage_1,77573.62,176563.16,0.924,RISK-RATING-v3.2
CUST-000324,2026-09-28,11939466.07,0.03695,0.286,stage_1,126172.7,376755.06,0.2069,RISK-RATING-v3.2
CUST-000325,2026-09-28,6275911.17,0.03233,0.564,stage_1,114435.72,380923.15,0.7411,RISK-RATING-v3.2
CUST-000326,2026-09-28,7422243.64,0.02744,0.554,stage_0,112831.17,314591.71,0.1004,RISK-RATING-v3.2
CUST-000327,2026-09-28,1227608.38,0.08021,0.47,stage_1,46279.24,105352.1,0.1258,RISK-RATING-v3.2
CUST-000328,2026-09-28,26305147.35,0.01258,0.447,stage_0,147920.68,500156.38,0.7371,RISK-RATING-v3.2
CUST-000329,2026-09-28,1676069.92,0.11172,0.58,stage_2,108605.31,183841.59,0.4776,RISK-RATING-v3.2
CUST-000330,2026-09-28,5390506.44,0.02408,0.621,stage_0,80607.91,152912.0,0.3092,RISK-RATING-v3.2
CUST-000331,2026-09-28,10027979.49,0.01661,0.573,stage_0,95441.6,229623.02,0.6515,RISK-RATING-v3.2
CUST-000332,2026-09-28,14458774.94,0.03776,0.42,stage_1,229304.6,558256.14,0.9636,RISK-RATING-v3.2
CUST-000333,2026-09-28,10224187.37,0.02837,0.548,stage_0,158952.99,262909.59,0.0624,RISK-RATING-v3.2
CUST-000334,2026-09-28,7284293.4,0.01015,0.432,stage_0,31940.17,107097.58,0.4931,RISK-RATING-v3.2
CUST-000335,2026-09-28,9194691.57,0.03688,0.416,stage_1,141065.69,302138.19,0.8313,RISK-RATING-v3.2
CUST-000336,2026-09-28,14315976.93,0.0523,0.529,stage_1,396075.84,891397.45,0.2033,RISK-RATING-v3.2
CUST-000337,2026-09-28,18873920.25,0.0469,0.619,stage_1,547930.67,1782050.29,0.7061,RISK-RATING-v3.2
CUST-000338,2026-09-28,30974824.24,0.05781,0.254,stage_1,454826.27,840547.23,0.0719,RISK-RATING-v3.2
CUST-000339,2026-09-28,17069069.61,0.0418,0.522,stage_1,372440.27,631839.36,0.1362,RISK-RATING-v3.2
CUST-000340,2026-09-28,9556360.04,0.02589,0.614,stage_0,151912.3,503888.44,0.9196,RISK-RATING-v3.2
CUST-000341,2026-09-28,5272272.84,0.01449,0.586,stage_0,44767.61,80281.97,0.8896,RISK-RATING-v3.2
CUST-000342,2026-09-28,8638161.09,0.00968,0.541,stage_0,45237.01,108329.74,0.1965,RISK-RATING-v3.2
CUST-000343,2026-09-28,1960377.49,0.03315,0.363,stage_1,23590.1,40837.63,0.6874,RISK-RATING-v3.2
CUST-000344,2026-09-28,7954431.01,0.08703,0.557,stage_1,385596.69,742472.6,0.2492,RISK-RATING-v3.2
CUST-000345,2026-09-28,9667125.28,0.03484,0.434,stage_1,146172.35,307411.58,0.4364,RISK-RATING-v3.2
CUST-000346,2026-09-28,2440702.14,0.03536,0.319,stage_1,27530.73,82986.59,0.2573,RISK-RATING-v3.2
CUST-000347,2026-09-28,8544917.07,0.03848,0.38,stage_1,124947.2,259551.74,0.251,RISK-RATING-v3.2
CUST-000348,2026-09-28,15875770.09,0.12834,0.331,stage_2,674411.29,1936220.34,0.4581,RISK-RATING-v3.2
CUST-000349,2026-09-28,7134465.21,0.06419,0.616,stage_1,282104.17,533783.41,0.8798,RISK-RATING-v3.2
CUST-000350,2026-09-28,11678223.41,0.05268,0.484,stage_1,297761.06,727077.64,0.8729,RISK-RATING-v3.2
CUST-000351,2026-09-28,14525551.01,0.08098,0.643,stage_1,756347.47,1410422.38,0.7036,RISK-RATING-v3.2
CUST-000352,2026-09-28,4540351.88,0.03907,0.388,stage_1,68827.92,169641.93,0.1602,RISK-RATING-v3.2
CUST-000353,2026-09-28,17466532.37,0.15429,0.391,stage_2,1053710.31,2115073.12,0.161,RISK-RATING-v3.2
CUST-000354,2026-09-28,3105596.69,0.18271,0.392,stage_2,222430.04,523484.44,0.9178,RISK-RATING-v3.2
CUST-000355,2026-09-28,389105.29,0.03437,0.485,stage_1,6486.17,21526.93,0.8231,RISK-RATING-v3.2
CUST-000356,2026-09-28,16363551.28,0.07565,0.605,stage_1,748931.11,2426076.73,0.1987,RISK-RATING-v3.2
CUST-000357,2026-09-28,17079388.16,0.04818,0.547,stage_1,450118.05,1320652.31,0.9,RISK-RATING-v3.2
CUST-000358,2026-09-28,13098801.44,0.00347,0.262,stage_0,11908.64,29462.17,0.3077,RISK-RATING-v3.2
CUST-000359,2026-09-28,10639358.38,0.08374,0.353,stage_1,314501.77,1046735.19,0.9804,RISK-RATING-v3.2
CUST-000360,2026-09-28,15584989.28,0.07889,0.323,stage_1,397128.44,702699.4,0.5265,RISK-RATING-v3.2
CUST-000361,2026-09-28,20421125.64,0.04095,0.609,stage_1,509273.26,1012836.16,0.1665,RISK-RATING-v3.2
CUST-000362,2026-09-28,6222730.76,0.00523,0.358,stage_0,11651.07,18707.32,0.4774,RISK-RATING-v3.2
CUST-000363,2026-09-28,8383226.75,0.00862,0.333,stage_0,24063.72,40971.37,0.1371,RISK-RATING-v3.2
CUST-000364,2026-09-28,10409640.05,0.05506,0.627,stage_1,359368.05,674961.28,0.6934,RISK-RATING-v3.2
CUST-000365,2026-09-28,14626910.28,0.00306,0.387,stage_0,17321.48,31437.55,0.4688,RISK-RATING-v3.2
CUST-000366,2026-09-28,1564061.65,0.01611,0.386,stage_0,9726.05,32654.44,0.399,RISK-RATING-v3.2
CUST-000367,2026-09-28,5297316.46,0.06482,0.475,stage_1,163101.73,489412.32,0.682,RISK-RATING-v3.2
CUST-000368,2026-09-28,6330917.39,0.08364,0.345,stage_1,182683.69,427025.11,0.8124,RISK-RATING-v3.2
CUST-000369,2026-09-28,14141352.46,0.02782,0.586,stage_0,230539.68,771908.03,0.5197,RISK-RATING-v3.2
CUST-000370,2026-09-28,16671479.33,0.12908,0.33,stage_2,710145.0,1922724.11,0.0507,RISK-RATING-v3.2
CUST-000371,2026-09-28,5179971.97,0.01143,0.411,stage_0,24334.11,76141.55,0.2889,RISK-RATING-v3.2
CUST-000372,2026-09-28,4282667.97,0.04445,0.458,stage_1,87186.98,186111.16,0.4692,RISK-RATING-v3.2
CUST-000373,2026-09-28,10635941.57,0.04861,0.319,stage_1,164927.19,345244.94,0.5028,RISK-RATING-v3.2
CUST-000374,2026-09-28,3080575.38,0.00408,0.585,stage_0,7352.72,13647.63,0.2311,RISK-RATING-v3.2
CUST-000375,2026-09-28,2497901.81,0.03407,0.584,stage_1,49700.45,87318.24,0.7498,RISK-RATING-v3.2
CUST-000376,2026-09-28,5097834.56,0.18843,0.488,stage_2,468765.46,800696.8,0.4432,RISK-RATING-v3.2
CUST-000377,2026-09-28,18643737.08,0.02509,0.257,stage_0,120217.24,369097.61,0.2422,RISK-RATING-v3.2
CUST-000378,2026-09-28,7301846.37,0.1829,0.262,stage_2,349903.02,859684.83,0.5589,RISK-RATING-v3.2
CUST-000379,2026-09-28,5590348.06,0.01671,0.378,stage_0,35310.76,61838.83,0.8711,RISK-RATING-v3.2
CUST-000380,2026-09-28,13494506.78,0.00366,0.329,stage_0,16249.28,31187.95,0.9549,RISK-RATING-v3.2
CUST-000381,2026-09-28,12924202.62,0.0666,0.375,stage_1,322781.96,1068921.51,0.9402,RISK-RATING-v3.2
CUST-000382,2026-09-28,16638432.25,0.03504,0.28,stage_1,163242.99,348088.16,0.1429,RISK-RATING-v3.2
CUST-000383,2026-09-28,9518767.92,0.1721,0.505,stage_2,827280.88,2111278.97,0.8554,RISK-RATING-v3.2
CUST-000384,2026-09-28,8809619.11,0.12633,0.499,stage_2,555346.67,1523066.55,0.5648,RISK-RATING-v3.2
CUST-000385,2026-09-28,9795379.92,0.02583,0.589,stage_0,149025.64,310972.61,0.7898,RISK-RATING-v3.2
CUST-000386,2026-09-28,6465744.84,0.01183,0.573,stage_0,43828.63,129437.87,0.968,RISK-RATING-v3.2
CUST-000387,2026-09-28,2735422.36,0.02565,0.394,stage_0,27644.45,45083.5,0.3791,RISK-RATING-v3.2
CUST-000388,2026-09-28,21512327.22,0.01378,0.414,stage_0,122726.11,326374.54,0.4281,RISK-RATING-v3.2
CUST-000389,2026-09-28,15748133.91,0.13184,0.632,stage_2,1312179.87,2534707.54,0.2589,RISK-RATING-v3.2
CUST-000390,2026-09-28,3171585.21,0.06506,0.583,stage_1,120298.16,206924.12,0.743,RISK-RATING-v3.2
CUST-000391,2026-09-28,21557069.61,0.00358,0.396,stage_0,30561.03,98925.39,0.6822,RISK-RATING-v3.2
CUST-000392,2026-09-28,8218786.1,0.00655,0.364,stage_0,19595.23,37766.32,0.6087,RISK-RATING-v3.2
CUST-000393,2026-09-28,2638843.59,0.17526,0.629,stage_2,290902.26,967078.76,0.3577,RISK-RATING-v3.2
CUST-000394,2026-09-28,726778.78,0.02495,0.268,stage_0,4859.68,8357.04,0.9403,RISK-RATING-v3.2
CUST-000395,2026-09-28,7223363.47,0.01289,0.28,stage_0,26070.56,86319.69,0.8896,RISK-RATING-v3.2
CUST-000396,2026-09-28,878534.52,0.01561,0.558,stage_0,7652.37,17532.05,0.9167,RISK-RATING-v3.2
CUST-000397,2026-09-28,4980812.65,0.00626,0.573,stage_0,17866.08,57854.98,0.0568,RISK-RATING-v3.2
CUST-000398,2026-09-28,9302175.51,0.00657,0.476,stage_0,29090.88,75687.65,0.8048,RISK-RATING-v3.2
CUST-000399,2026-09-28,18597747.13,0.07696,0.265,stage_1,379289.89,1250808.22,0.7699,RISK-RATING-v3.2
CUST-000400,2026-09-28,15115607.5,0.03621,0.55,stage_1,301034.88,731588.78,0.3155,RISK-RATING-v3.2
CUST-000401,2026-09-28,20851017.17,0.10234,0.647,stage_2,1380628.83,2849138.28,0.3544,RISK-RATING-v3.2
CUST-000402,2026-09-28,8309077.65,0.0625,0.347,stage_1,180203.12,604683.72,0.2081,RISK-RATING-v3.2
CUST-000403,2026-09-28,5680993.54,0.01273,0.257,stage_0,18586.0,60199.39,0.8488,RISK-RATING-v3.2
CUST-000404,2026-09-28,4505333.77,0.00239,0.489,stage_0,5265.43,12178.6,0.7284,RISK-RATING-v3.2
CUST-000405,2026-09-28,6796949.71,0.03455,0.338,stage_1,79374.1,128579.3,0.2669,RISK-RATING-v3.2
CUST-000406,2026-09-28,2400272.38,0.05259,0.577,stage_1,72834.9,148395.93,0.232,RISK-RATING-v3.2
CUST-000407,2026-09-28,2550408.49,0.03183,0.44,stage_1,35718.98,115363.39,0.1567,RISK-RATING-v3.2
CUST-000408,2026-09-28,11795165.36,0.18421,0.536,stage_2,1164614.05,3149725.98,0.7405,RISK-RATING-v3.2
CUST-000409,2026-09-28,4254087.56,0.06649,0.583,stage_1,164904.05,281734.35,0.915,RISK-RATING-v3.2
CUST-000410,2026-09-28,5509688.95,0.03909,0.491,stage_1,105748.51,187404.04,0.1963,RISK-RATING-v3.2
CUST-000411,2026-09-28,17512363.25,0.08142,0.512,stage_1,730038.59,2059102.1,0.8884,RISK-RATING-v3.2
CUST-000412,2026-09-28,4621994.41,0.08931,0.268,stage_1,110627.81,334695.79,0.9227,RISK-RATING-v3.2
CUST-000413,2026-09-28,9774150.88,0.02026,0.479,stage_0,94853.64,237731.03,0.353,RISK-RATING-v3.2
CUST-000414,2026-09-28,5886383.24,0.02658,0.619,stage_0,96848.78,314052.48,0.0895,RISK-RATING-v3.2
CUST-000415,2026-09-28,8843544.5,0.0443,0.326,stage_1,127716.7,293998.11,0.9168,RISK-RATING-v3.2
CUST-000416,2026-09-28,1551547.89,0.02298,0.369,stage_0,13156.54,34360.69,0.1129,RISK-RATING-v3.2
CUST-000417,2026-09-28,13736954.96,0.04425,0.265,stage_1,161082.97,335882.85,0.5498,RISK-RATING-v3.2
CUST-000418,2026-09-28,583372.53,0.03603,0.502,stage_1,10551.49,33769.09,0.1568,RISK-RATING-v3.2
CUST-000419,2026-09-28,20448125.86,0.02806,0.465,stage_0,266805.1,575719.97,0.6689,RISK-RATING-v3.2
CUST-000420,2026-09-28,20654120.35,0.00533,0.268,stage_0,29503.17,79769.21,0.9585,RISK-RATING-v3.2
CUST-000421,2026-09-28,10936751.41,0.13178,0.558,stage_2,804214.77,2524087.59,0.5109,RISK-RATING-v3.2
CUST-000422,2026-09-28,10238041.09,0.01381,0.464,stage_0,65603.73,155203.79,0.5591,RISK-RATING-v3.2
CUST-000423,2026-09-28,5215981.63,0.00621,0.46,stage_0,14899.97,49065.94,0.8269,RISK-RATING-v3.2
CUST-000424,2026-09-28,6849025.48,0.00382,0.384,stage_0,10046.7,19854.16,0.3537,RISK-RATING-v3.2
CUST-000425,2026-09-28,6024642.06,0.04121,0.623,stage_1,154675.64,379946.76,0.4074,RISK-RATING-v3.2
CUST-000426,2026-09-28,31355630.47,0.03455,0.378,stage_1,409501.4,1191992.3,0.8599,RISK-RATING-v3.2
CUST-000427,2026-09-28,31095589.7,0.03715,0.407,stage_1,470166.87,1170254.03,0.9716,RISK-RATING-v3.2
CUST-000428,2026-09-28,199445.53,0.0023,0.455,stage_0,208.72,611.62,0.113,RISK-RATING-v3.2
CUST-000429,2026-09-28,32755563.59,0.01752,0.635,stage_0,364412.2,1196198.92,0.8096,RISK-RATING-v3.2
CUST-000430,2026-09-28,22487906.83,0.0367,0.315,stage_1,259971.45,667611.58,0.2388,RISK-RATING-v3.2
CUST-000431,2026-09-28,14606849.32,0.03023,0.391,stage_1,172651.94,544909.89,0.662,RISK-RATING-v3.2
CUST-000432,2026-09-28,2318785.31,0.07216,0.492,stage_1,82323.19,182062.69,0.8018,RISK-RATING-v3.2
CUST-000433,2026-09-28,12131662.98,0.0195,0.293,stage_0,69314.26,166803.31,0.9343,RISK-RATING-v3.2
CUST-000434,2026-09-28,16356482.91,0.12582,0.525,stage_2,1080435.66,2463373.54,0.6135,RISK-RATING-v3.2
CUST-000435,2026-09-28,10159392.84,0.11242,0.265,stage_2,302661.52,727458.66,0.5789,RISK-RATING-v3.2
CUST-000436,2026-09-28,23126893.97,0.04042,0.467,stage_1,436546.49,786202.82,0.5878,RISK-RATING-v3.2
CUST-000437,2026-09-28,8409524.78,0.03737,0.475,stage_1,149275.37,499186.38,0.3891,RISK-RATING-v3.2
CUST-000438,2026-09-28,11240373.22,0.14633,0.606,stage_2,996751.11,1893000.12,0.7644,RISK-RATING-v3.2
CUST-000439,2026-09-28,6850242.06,0.03491,0.589,stage_1,140854.61,447378.99,0.4641,RISK-RATING-v3.2
CUST-000440,2026-09-28,8487052.6,0.08164,0.399,stage_1,276460.31,690207.59,0.1676,RISK-RATING-v3.2
CUST-000441,2026-09-28,15455321.93,0.037,0.541,stage_1,309369.18,503349.87,0.842,RISK-RATING-v3.2
CUST-000442,2026-09-28,5927336.3,0.06497,0.351,stage_1,135169.76,282568.59,0.5773,RISK-RATING-v3.2
CUST-000443,2026-09-28,4801226.72,0.08873,0.443,stage_1,188723.69,511427.33,0.606,RISK-RATING-v3.2
CUST-000444,2026-09-28,12992200.94,0.02191,0.569,stage_0,161971.04,546689.21,0.2953,RISK-RATING-v3.2
CUST-000445,2026-09-28,3543334.04,0.01099,0.359,stage_0,13979.91,24221.6,0.335,RISK-RATING-v3.2
CUST-000446,2026-09-28,6031257.42,0.02571,0.613,stage_0,95054.0,198589.3,0.0718,RISK-RATING-v3.2
CUST-000447,2026-09-28,13190315.67,0.06227,0.561,stage_1,460783.5,888816.15,0.5613,RISK-RATING-v3.2
CUST-000448,2026-09-28,1939197.5,0.07045,0.501,stage_1,68444.85,183739.38,0.317,RISK-RATING-v3.2
CUST-000449,2026-09-28,23873947.09,0.01951,0.325,stage_0,151378.73,296282.79,0.2527,RISK-RATING-v3.2
CUST-000450,2026-09-28,10671730.23,0.03354,0.343,stage_1,122769.93,201498.24,0.3997,RISK-RATING-v3.2
CUST-000451,2026-09-28,23061524.06,0.08172,0.531,stage_1,1000716.09,1765393.23,0.7037,RISK-RATING-v3.2
CUST-000452,2026-09-28,6626932.8,0.04078,0.41,stage_1,110800.99,331880.81,0.4587,RISK-RATING-v3.2
CUST-000453,2026-09-28,17414194.31,0.02218,0.478,stage_0,184625.98,306144.89,0.3631,RISK-RATING-v3.2
CUST-000454,2026-09-28,5701784.46,0.01834,0.311,stage_0,32521.5,96885.61,0.8021,RISK-RATING-v3.2
CUST-000455,2026-09-28,16528795.15,0.04251,0.256,stage_1,179875.6,369856.86,0.9821,RISK-RATING-v3.2
CUST-000456,2026-09-28,6649560.11,0.04017,0.342,stage_1,91352.59,237981.39,0.4072,RISK-RATING-v3.2
CUST-000457,2026-09-28,9598697.45,0.02058,0.461,stage_0,91066.49,217115.85,0.4381,RISK-RATING-v3.2
CUST-000458,2026-09-28,1685349.16,0.02173,0.48,stage_0,17578.87,51762.19,0.8394,RISK-RATING-v3.2
CUST-000459,2026-09-28,5387478.88,0.00783,0.264,stage_0,11136.57,37194.46,0.5836,RISK-RATING-v3.2
CUST-000460,2026-09-28,10848717.71,0.04019,0.571,stage_1,248961.69,522557.56,0.5127,RISK-RATING-v3.2
CUST-000461,2026-09-28,6543249.6,0.03747,0.555,stage_1,136072.44,270943.66,0.9307,RISK-RATING-v3.2
CUST-000462,2026-09-28,8202363.07,0.02841,0.461,stage_0,107426.43,243650.65,0.6808,RISK-RATING-v3.2
CUST-000463,2026-09-28,2704246.03,0.02979,0.546,stage_0,43985.48,102850.87,0.6507,RISK-RATING-v3.2
CUST-000464,2026-09-28,11615375.0,0.04248,0.566,stage_1,279276.36,683078.94,0.0801,RISK-RATING-v3.2
CUST-000465,2026-09-28,7869604.89,0.04883,0.418,stage_1,160626.03,354980.22,0.4403,RISK-RATING-v3.2
CUST-000466,2026-09-28,18269948.16,0.02947,0.485,stage_0,261131.46,878197.6,0.2683,RISK-RATING-v3.2
CUST-000467,2026-09-28,2510158.94,0.003,0.446,stage_0,3358.59,11240.44,0.6736,RISK-RATING-v3.2
CUST-000468,2026-09-28,3766583.19,0.02727,0.391,stage_0,40161.46,105344.73,0.1149,RISK-RATING-v3.2
CUST-000469,2026-09-28,2831305.05,0.1289,0.281,stage_2,102552.42,318593.75,0.1322,RISK-RATING-v3.2
CUST-000470,2026-09-28,12221881.46,0.01066,0.393,stage_0,51202.11,84841.21,0.4987,RISK-RATING-v3.2
CUST-000471,2026-09-28,12213513.03,0.05702,0.386,stage_1,268816.0,582005.8,0.875,RISK-RATING-v3.2
CUST-000472,2026-09-28,9677513.24,0.07,0.594,stage_1,402391.0,921297.45,0.8471,RISK-RATING-v3.2
CUST-000473,2026-09-28,20327016.39,0.02835,0.307,stage_0,176915.17,452071.51,0.9343,RISK-RATING-v3.2
CUST-000474,2026-09-28,6447865.54,0.03653,0.585,stage_1,137791.21,429169.76,0.5605,RISK-RATING-v3.2
CUST-000475,2026-09-28,1592622.77,0.05984,0.494,stage_1,47079.46,75625.24,0.4743,RISK-RATING-v3.2
CUST-000476,2026-09-28,11402267.28,0.01751,0.327,stage_0,65286.76,119847.29,0.1497,RISK-RATING-v3.2
CUST-000477,2026-09-28,6543573.67,0.13597,0.531,stage_2,472446.48,1101386.07,0.2015,RISK-RATING-v3.2
CUST-000478,2026-09-28,13411283.84,0.04309,0.541,stage_1,312639.69,714855.26,0.9487,RISK-RATING-v3.2
CUST-000479,2026-09-28,22793651.02,0.0681,0.643,stage_1,998095.23,2907066.32,0.5087,RISK-RATING-v3.2
CUST-000480,2026-09-28,1104332.11,0.02963,0.405,stage_0,13252.15,29394.74,0.8193,RISK-RATING-v3.2
CUST-000481,2026-09-28,6597610.24,0.0527,0.351,stage_1,122040.61,389823.87,0.6214,RISK-RATING-v3.2
CUST-000482,2026-09-28,3989404.49,0.02112,0.282,stage_0,23760.25,64528.17,0.1424,RISK-RATING-v3.2
CUST-000483,2026-09-28,19745653.65,0.01566,0.52,stage_0,160792.81,483217.1,0.3487,RISK-RATING-v3.2
CUST-000484,2026-09-28,6749558.6,0.04822,0.458,stage_1,149062.38,437420.5,0.4332,RISK-RATING-v3.2
CUST-000485,2026-09-28,7030018.36,0.01606,0.35,stage_0,39515.73,106404.15,0.8438,RISK-RATING-v3.2
CUST-000486,2026-09-28,23183658.71,0.03645,0.51,stage_1,430972.62,895874.58,0.5341,RISK-RATING-v3.2
CUST-000487,2026-09-28,16008813.52,0.00955,0.625,stage_0,95552.61,243284.12,0.658,RISK-RATING-v3.2
CUST-000488,2026-09-28,3031069.84,0.06615,0.584,stage_1,117095.08,350724.46,0.0516,RISK-RATING-v3.2
CUST-000489,2026-09-28,4808004.97,0.15642,0.265,stage_2,199298.06,664520.08,0.6559,RISK-RATING-v3.2
CUST-000490,2026-09-28,9820171.21,0.02784,0.411,stage_0,112364.76,314060.31,0.7552,RISK-RATING-v3.2
CUST-000491,2026-09-28,12113590.97,0.07815,0.322,stage_1,304830.04,516128.56,0.8827,RISK-RATING-v3.2
CUST-000492,2026-09-28,5150700.3,0.02067,0.477,stage_0,50783.79,103535.88,0.5444,RISK-RATING-v3.2
CUST-000493,2026-09-28,32247494.78,0.01118,0.56,stage_0,201895.12,578634.6,0.8177,RISK-RATING-v3.2
CUST-000494,2026-09-28,8138410.41,0.18481,0.456,stage_2,685851.19,1262923.92,0.3962,RISK-RATING-v3.2
CUST-000495,2026-09-28,1586842.15,0.04607,0.557,stage_1,40719.94,88026.41,0.5053,RISK-RATING-v3.2
CUST-000496,2026-09-28,6816177.68,0.05558,0.313,stage_1,118577.91,370812.11,0.4256,RISK-RATING-v3.2
CUST-000497,2026-09-28,23408719.67,0.04976,0.394,stage_1,458938.25,1220326.03,0.1409,RISK-RATING-v3.2
CUST-000498,2026-09-28,4448080.3,0.01245,0.277,stage_0,15339.87,51922.12,0.4655,RISK-RATING-v3.2
CUST-000499,2026-09-28,5516036.72,0.02938,0.431,stage_0,69848.36,200989.0,0.1519,RISK-RATING-v3.2
CUST-000500,2026-09-28,5553259.81,0.06475,0.391,stage_1,140593.27,343258.7,0.8507,RISK-RATING-v3.2
CUST-000501,2026-09-28,12321561.44,0.0187,0.629,stage_0,144929.9,369995.68,0.8606,RISK-RATING-v3.2
CUST-000502,2026-09-28,15375334.12,0.01546,0.473,stage_0,112433.36,240309.88,0.1979,RISK-RATING-v3.2
CUST-000503,2026-09-28,7745620.79,0.03071,0.285,stage_1,67792.38,194845.51,0.6167,RISK-RATING-v3.2
CUST-000504,2026-09-28,24912401.06,0.0866,0.486,stage_1,1048503.17,2142396.78,0.7447,RISK-RATING-v3.2
CUST-000505,2026-09-28,14991209.27,0.04136,0.436,stage_1,270335.88,527915.55,0.1559,RISK-RATING-v3.2
CUST-000506,2026-09-28,4843650.84,0.11227,0.386,stage_2,209905.52,527336.42,0.4086,RISK-RATING-v3.2
CUST-000507,2026-09-28,1021080.1,0.01216,0.627,stage_0,7785.04,14996.13,0.188,RISK-RATING-v3.2
CUST-000508,2026-09-28,11685694.3,0.04709,0.384,stage_1,211307.27,554136.15,0.2162,RISK-RATING-v3.2
CUST-000509,2026-09-28,1793837.42,0.01612,0.594,stage_0,17176.5,27695.07,0.341,RISK-RATING-v3.2
CUST-000510,2026-09-28,6114525.3,0.02752,0.385,stage_0,64784.62,183621.44,0.6101,RISK-RATING-v3.2
CUST-000511,2026-09-28,7411982.1,0.02271,0.336,stage_0,56557.57,179639.54,0.1339,RISK-RATING-v3.2
CUST-000512,2026-09-28,7584257.54,0.03346,0.316,stage_1,80191.09,185838.65,0.6396,RISK-RATING-v3.2
CUST-000513,2026-09-28,18152960.31,0.03393,0.335,stage_1,206336.53,483604.22,0.6436,RISK-RATING-v3.2
CUST-000514,2026-09-28,17721704.77,0.03478,0.626,stage_1,385841.92,1062912.25,0.3816,RISK-RATING-v3.2
CUST-000515,2026-09-28,5232562.81,0.15705,0.262,stage_2,215304.79,527717.44,0.9332,RISK-RATING-v3.2
CUST-000516,2026-09-28,13475733.01,0.03871,0.618,stage_1,322377.0,938950.23,0.6031,RISK-RATING-v3.2
CUST-000517,2026-09-28,8057019.14,0.00733,0.315,stage_0,18603.25,37391.94,0.5891,RISK-RATING-v3.2
CUST-000518,2026-09-28,4123002.05,0.04473,0.261,stage_1,48134.11,151254.61,0.2991,RISK-RATING-v3.2
CUST-000519,2026-09-28,15917924.11,0.04441,0.436,stage_1,308214.94,641537.2,0.2223,RISK-RATING-v3.2
CUST-000520,2026-09-28,14463242.24,0.03207,0.547,stage_1,253718.39,458198.51,0.4037,RISK-RATING-v3.2
CUST-000521,2026-09-28,1931755.2,0.11894,0.575,stage_2,132113.7,221837.62,0.0586,RISK-RATING-v3.2
CUST-000522,2026-09-28,653266.03,0.07392,0.381,stage_1,18398.27,54147.97,0.5055,RISK-RATING-v3.2
CUST-000523,2026-09-28,7586673.18,0.0343,0.633,stage_1,164721.09,401857.48,0.3983,RISK-RATING-v3.2
CUST-000524,2026-09-28,8934983.09,0.04629,0.578,stage_1,239061.01,414056.77,0.1671,RISK-RATING-v3.2
CUST-000525,2026-09-28,5380431.23,0.08372,0.644,stage_1,290089.61,932122.38,0.8858,RISK-RATING-v3.2
CUST-000526,2026-09-28,1004325.45,0.04012,0.466,stage_1,18776.79,49188.7,0.521,RISK-RATING-v3.2
CUST-000527,2026-09-28,3858140.95,0.12541,0.539,stage_2,260794.86,766858.7,0.1202,RISK-RATING-v3.2
CUST-000528,2026-09-28,5503974.01,0.1233,0.516,stage_2,350178.24,964040.19,0.7606,RISK-RATING-v3.2
CUST-000529,2026-09-28,3244737.28,0.05416,0.413,stage_1,72578.54,184335.45,0.8133,RISK-RATING-v3.2
CUST-000530,2026-09-28,2380168.94,0.02253,0.338,stage_0,18125.32,38826.25,0.8046,RISK-RATING-v3.2
CUST-000531,2026-09-28,6611529.12,0.14535,0.397,stage_2,381511.35,622251.09,0.3181,RISK-RATING-v3.2
CUST-000532,2026-09-28,17160707.9,0.01821,0.585,stage_0,182810.45,453076.13,0.495,RISK-RATING-v3.2
CUST-000533,2026-09-28,9192596.36,0.0459,0.383,stage_1,161603.09,259076.13,0.3996,RISK-RATING-v3.2
CUST-000534,2026-09-28,5119301.83,0.04339,0.281,stage_1,62417.55,183494.25,0.8972,RISK-RATING-v3.2
CUST-000535,2026-09-28,10580101.74,0.03722,0.501,stage_1,197289.48,630121.25,0.4176,RISK-RATING-v3.2
CUST-000536,2026-09-28,2819092.68,0.02519,0.617,stage_0,43814.99,119548.91,0.1489,RISK-RATING-v3.2
CUST-000537,2026-09-28,15573496.28,0.1505,0.426,stage_2,998463.57,2265208.09,0.9592,RISK-RATING-v3.2
CUST-000538,2026-09-28,10986769.2,0.03384,0.547,stage_1,203370.37,478896.95,0.9195,RISK-RATING-v3.2
CUST-000539,2026-09-28,3913570.02,0.00474,0.386,stage_0,7160.42,12847.33,0.5635,RISK-RATING-v3.2
CUST-000540,2026-09-28,21644376.6,0.17033,0.334,stage_2,1231353.35,3777938.19,0.2063,RISK-RATING-v3.2
CUST-000541,2026-09-28,6815618.48,0.03435,0.495,stage_1,115887.66,254541.79,0.7336,RISK-RATING-v3.2
CUST-000542,2026-09-28,30738969.94,0.02377,0.632,stage_0,461780.48,1296004.32,0.1386,RISK-RATING-v3.2
CUST-000543,2026-09-28,5462864.75,0.03224,0.63,stage_1,110957.34,298045.74,0.0778,RISK-RATING-v3.2
CUST-000544,2026-09-28,1548341.61,0.03609,0.393,stage_1,21960.7,73591.52,0.9384,RISK-RATING-v3.2
CUST-000545,2026-09-28,21711172.75,0.01404,0.279,stage_0,85046.14,259585.75,0.1836,RISK-RATING-v3.2
CUST-000546,2026-09-28,7532336.45,0.14803,0.416,stage_2,463844.89,839134.31,0.398,RISK-RATING-v3.2
CUST-000547,2026-09-28,1946206.55,0.04972,0.258,stage_1,24965.47,71061.46,0.8943,RISK-RATING-v3.2
CUST-000548,2026-09-28,24127715.82,0.034,0.321,stage_1,263329.89,649506.87,0.7997,RISK-RATING-v3.2
CUST-000549,2026-09-28,2756699.5,0.01847,0.41,stage_0,20875.66,39490.39,0.8527,RISK-RATING-v3.2
CUST-000550,2026-09-28,7213672.9,0.08457,0.433,stage_1,264156.12,852718.39,0.2467,RISK-RATING-v3.2
CUST-000551,2026-09-28,1932947.29,0.03449,0.289,stage_1,19266.86,36657.05,0.2839,RISK-RATING-v3.2
CUST-000552,2026-09-28,7084343.98,0.19189,0.355,stage_2,482592.24,1540003.4,0.8761,RISK-RATING-v3.2
CUST-000553,2026-09-28,4697737.9,0.04046,0.479,stage_1,91043.76,305884.53,0.2573,RISK-RATING-v3.2
CUST-000554,2026-09-28,15412397.34,0.02213,0.326,stage_0,111190.89,282485.12,0.4739,RISK-RATING-v3.2
CUST-000555,2026-09-28,1673818.0,0.00813,0.479,stage_0,6518.3,13323.91,0.6977,RISK-RATING-v3.2
CUST-000556,2026-09-28,31966028.96,0.1465,0.263,stage_2,1231635.11,3764290.42,0.9358,RISK-RATING-v3.2
CUST-000557,2026-09-28,13753071.43,0.01682,0.475,stage_0,109880.16,189186.83,0.6619,RISK-RATING-v3.2
CUST-000558,2026-09-28,16091961.79,0.08866,0.621,stage_1,885988.98,1938718.76,0.405,RISK-RATING-v3.2
CUST-000559,2026-09-28,4622640.06,0.12692,0.304,stage_2,178358.46,518878.02,0.6778,RISK-RATING-v3.2
CUST-000560,2026-09-28,3425445.86,0.01437,0.274,stage_0,13487.28,41363.63,0.5821,RISK-RATING-v3.2
CUST-000561,2026-09-28,8989594.21,0.00388,0.258,stage_0,8998.94,25879.36,0.7147,RISK-RATING-v3.2
CUST-000562,2026-09-28,5168495.52,0.11831,0.591,stage_2,361387.46,803024.13,0.304,RISK-RATING-v3.2
CUST-000563,2026-09-28,22036211.43,0.0486,0.324,stage_1,346991.0,938093.39,0.3565,RISK-RATING-v3.2
CUST-000564,2026-09-28,30496395.75,0.04373,0.259,stage_1,345404.31,661249.7,0.847,RISK-RATING-v3.2
CUST-000565,2026-09-28,5149360.33,0.04129,0.625,stage_1,132885.68,220413.31,0.6767,RISK-RATING-v3.2
CUST-000566,2026-09-28,14389598.28,0.02891,0.42,stage_0,174721.38,467358.73,0.9777,RISK-RATING-v3.2
CUST-000567,2026-09-28,4896732.91,0.18113,0.36,stage_2,319300.28,599179.61,0.3185,RISK-RATING-v3.2
CUST-000568,2026-09-28,6431101.97,0.04334,0.385,stage_1,107308.72,201087.61,0.069,RISK-RATING-v3.2
CUST-000569,2026-09-28,12602039.2,0.05568,0.606,stage_1,425219.01,1140723.75,0.2987,RISK-RATING-v3.2
CUST-000570,2026-09-28,14415274.98,0.00259,0.564,stage_0,21057.26,64729.79,0.0724,RISK-RATING-v3.2
CUST-000571,2026-09-28,11046060.62,0.01287,0.342,stage_0,48619.68,139359.38,0.3248,RISK-RATING-v3.2
CUST-000572,2026-09-28,17128133.19,0.01664,0.379,stage_0,108019.6,212436.17,0.7874,RISK-RATING-v3.2
CUST-000573,2026-09-28,8668191.05,0.04409,0.58,stage_1,221664.72,702517.48,0.8481,RISK-RATING-v3.2
CUST-000574,2026-09-28,4333229.25,0.03305,0.361,stage_1,51699.97,144540.38,0.1316,RISK-RATING-v3.2
CUST-000575,2026-09-28,5547073.08,0.04058,0.532,stage_1,119753.32,370682.12,0.3212,RISK-RATING-v3.2
CUST-000576,2026-09-28,7830305.22,0.02459,0.47,stage_0,90497.19,192987.8,0.6526,RISK-RATING-v3.2
CUST-000577,2026-09-28,7825059.57,0.1038,0.396,stage_2,321647.51,943320.27,0.4902,RISK-RATING-v3.2
CUST-000578,2026-09-28,3103447.66,0.00252,0.485,stage_0,3793.03,11466.84,0.8923,RISK-RATING-v3.2
CUST-000579,2026-09-28,20234935.21,0.06447,0.607,stage_1,791859.59,2201757.09,0.1733,RISK-RATING-v3.2
CUST-000580,2026-09-28,16019322.83,0.044,0.53,stage_1,373570.61,1180867.65,0.9669,RISK-RATING-v3.2
CUST-000581,2026-09-28,9545013.74,0.03697,0.635,stage_1,224078.27,415612.87,0.5609,RISK-RATING-v3.2
CUST-000582,2026-09-28,26082357.43,0.02047,0.469,stage_0,250401.85,536081.26,0.6199,RISK-RATING-v3.2
CUST-000583,2026-09-28,25264962.0,0.04118,0.527,stage_1,548296.67,1229898.19,0.7068,RISK-RATING-v3.2
CUST-000584,2026-09-28,8705549.3,0.02763,0.372,stage_0,89478.77,217057.06,0.8312,RISK-RATING-v3.2
CUST-000585,2026-09-28,15374949.99,0.0279,0.359,stage_0,153997.04,356583.78,0.7288,RISK-RATING-v3.2
CUST-000586,2026-09-28,9072813.06,0.02686,0.289,stage_0,70428.07,115864.0,0.2328,RISK-RATING-v3.2
CUST-000587,2026-09-28,233889.06,0.13097,0.368,stage_2,11272.74,31222.85,0.4842,RISK-RATING-v3.2
CUST-000588,2026-09-28,16072060.81,0.09996,0.628,stage_1,1008921.69,3097730.1,0.5236,RISK-RATING-v3.2
CUST-000589,2026-09-28,28744088.05,0.0204,0.332,stage_0,194677.96,660071.49,0.8124,RISK-RATING-v3.2
CUST-000590,2026-09-28,6216127.83,0.02525,0.554,stage_0,86954.3,202819.85,0.1025,RISK-RATING-v3.2
CUST-000591,2026-09-28,15708393.4,0.18254,0.422,stage_2,1210047.08,4105184.99,0.3791,RISK-RATING-v3.2
CUST-000592,2026-09-28,5495719.88,0.02973,0.351,stage_0,57349.1,192645.8,0.1627,RISK-RATING-v3.2
CUST-000593,2026-09-28,15973679.57,0.14794,0.266,stage_2,628596.88,1994418.0,0.1989,RISK-RATING-v3.2
CUST-000594,2026-09-28,11885795.88,0.02348,0.406,stage_0,113305.87,184241.42,0.547,RISK-RATING-v3.2
CUST-000595,2026-09-28,15793533.45,0.0173,0.302,stage_0,82514.89,164060.83,0.9215,RISK-RATING-v3.2
CUST-000596,2026-09-28,949294.61,0.0173,0.408,stage_0,6700.5,17917.99,0.2632,RISK-RATING-v3.2
CUST-000597,2026-09-28,10187699.25,0.02296,0.496,stage_0,116019.15,358134.02,0.8029,RISK-RATING-v3.2
CUST-000598,2026-09-28,21724886.59,0.01016,0.599,stage_0,132214.18,340850.29,0.7703,RISK-RATING-v3.2
CUST-000599,2026-09-28,1750489.09,0.00523,0.526,stage_0,4815.56,15091.0,0.708,RISK-RATING-v3.2
CUST-000600,2026-09-28,5771851.66,0.04113,0.623,stage_1,147897.87,472482.37,0.3302,RISK-RATING-v3.2
