entity_id,counterparty_id,as_of_date,exposure_at_default,eligible_capital,large_exposure_ratio,limit_utilisation,breached_25pct_limit
BANK-ENTITY-IN,CP-0000,2026-09-28,25852317.47,101508338.26,0.2547,1.0187,1
BANK-ENTITY-IN,CP-0001,2026-09-28,39665564.85,101508338.26,0.3908,1.563,1
BANK-ENTITY-IN,CP-0002,2026-09-28,29434421.28,101508338.26,0.29,1.1599,1
BANK-ENTITY-IN,CP-0003,2026-09-28,25939781.17,101508338.26,0.2555,1.0222,1
BANK-ENTITY-IN,CP-0004,2026-09-28,18474770.34,101508338.26,0.182,0.728,0
BANK-ENTITY-IN,CP-0005,2026-09-28,25350892.92,101508338.26,0.2497,0.999,0
BANK-ENTITY-IN,CP-0006,2026-09-28,20467509.99,101508338.26,0.2016,0.8065,0
BANK-ENTITY-IN,CP-0007,2026-09-28,34953317.25,101508338.26,0.3443,1.3774,1
BANK-ENTITY-IN,CP-0008,2026-09-28,41512876.3,101508338.26,0.409,1.6358,1
BANK-ENTITY-IN,CP-0009,2026-09-28,15101825.88,101508338.26,0.1488,0.5951,0
BANK-ENTITY-IN,CP-0010,2026-09-28,38756805.25,101508338.26,0.3818,1.5272,1
BANK-ENTITY-IN,CP-0011,2026-09-28,5800964.11,101508338.26,0.0571,0.2286,0
BANK-ENTITY-IN,CP-0012,2026-09-28,17535730.82,101508338.26,0.1728,0.691,0
BANK-ENTITY-IN,CP-0013,2026-09-28,35244586.55,101508338.26,0.3472,1.3888,1
BANK-ENTITY-IN,CP-0014,2026-09-28,39178471.65,101508338.26,0.386,1.5439,1
BANK-ENTITY-IN,CP-0015,2026-09-28,23650847.27,101508338.26,0.233,0.932,0
BANK-ENTITY-IN,CP-0016,2026-09-28,8758882.74,101508338.26,0.0863,0.3451,0
BANK-ENTITY-IN,CP-0017,2026-09-28,17957322.19,101508338.26,0.1769,0.7076,0
BANK-ENTITY-IN,CP-0018,2026-09-28,19634667.54,101508338.26,0.1934,0.7737,0
BANK-ENTITY-IN,CP-0019,2026-09-28,20041220.18,101508338.26,0.1974,0.7897,0
BANK-ENTITY-IN,CP-0020,2026-09-28,6531472.17,101508338.26,0.0643,0.2574,0
BANK-ENTITY-IN,CP-0021,2026-09-28,32348984.6,101508338.26,0.3187,1.2747,1
BANK-ENTITY-IN,CP-0022,2026-09-28,8884295.6,101508338.26,0.0875,0.3501,0
BANK-ENTITY-IN,CP-0023,2026-09-28,34901661.52,101508338.26,0.3438,1.3753,1
BANK-ENTITY-IN,CP-0024,2026-09-28,32706393.38,101508338.26,0.3222,1.2888,1
BANK-ENTITY-IN,CP-0025,2026-09-28,27244839.79,101508338.26,0.2684,1.0736,1
BANK-ENTITY-IN,CP-0026,2026-09-28,36430362.06,101508338.26,0.3589,1.4356,1
BANK-ENTITY-IN,CP-0027,2026-09-28,37884597.92,101508338.26,0.3732,1.4929,1
BANK-ENTITY-IN,CP-0028,2026-09-28,22533350.27,101508338.26,0.222,0.8879,0
BANK-ENTITY-IN,CP-0029,2026-09-28,11827942.65,101508338.26,0.1165,0.4661,0
BANK-ENTITY-IN,CP-0030,2026-09-28,11355699.73,101508338.26,0.1119,0.4475,0
BANK-ENTITY-IN,CP-0031,2026-09-28,26564306.35,101508338.26,0.2617,1.0468,1
BANK-ENTITY-IN,CP-0032,2026-09-28,37460013.33,101508338.26,0.369,1.4761,1
BANK-ENTITY-IN,CP-0033,2026-09-28,36749754.01,101508338.26,0.362,1.4481,1
BANK-ENTITY-IN,CP-0034,2026-09-28,27390655.72,101508338.26,0.2698,1.0793,1
BANK-ENTITY-IN,CP-0035,2026-09-28,11398528.77,101508338.26,0.1123,0.4492,0
BANK-ENTITY-IN,CP-0036,2026-09-28,15250414.43,101508338.26,0.1502,0.601,0
BANK-ENTITY-IN,CP-0037,2026-09-28,9695312.58,101508338.26,0.0955,0.382,0
BANK-ENTITY-IN,CP-0038,2026-09-28,3119014.48,101508338.26,0.0307,0.1229,0
BANK-ENTITY-IN,CP-0039,2026-09-28,14576758.91,101508338.26,0.1436,0.5744,0
BANK-ENTITY-GB,CP-0000,2026-09-28,51097345.0,287968231.3,0.1774,0.7098,0
BANK-ENTITY-GB,CP-0001,2026-09-28,84921632.69,287968231.3,0.2949,1.1796,1
BANK-ENTITY-GB,CP-0002,2026-09-28,46305140.48,287968231.3,0.1608,0.6432,0
BANK-ENTITY-GB,CP-0003,2026-09-28,14071900.76,287968231.3,0.0489,0.1955,0
BANK-ENTITY-GB,CP-0004,2026-09-28,116985500.86,287968231.3,0.4062,1.625,1
BANK-ENTITY-GB,CP-0005,2026-09-28,24068841.4,287968231.3,0.0836,0.3343,0
BANK-ENTITY-GB,CP-0006,2026-09-28,114995247.62,287968231.3,0.3993,1.5973,1
BANK-ENTITY-GB,CP-0007,2026-09-28,53189211.05,287968231.3,0.1847,0.7388,0
BANK-ENTITY-GB,CP-0008,2026-09-28,53023499.33,287968231.3,0.1841,0.7365,0
BANK-ENTITY-GB,CP-0009,2026-09-28,17455306.22,287968231.3,0.0606,0.2425,0
BANK-ENTITY-GB,CP-0010,2026-09-28,73995696.85,287968231.3,0.257,1.0278,1
BANK-ENTITY-GB,CP-0011,2026-09-28,60216389.0,287968231.3,0.2091,0.8364,0
BANK-ENTITY-GB,CP-0012,2026-09-28,54051531.4,287968231.3,0.1877,0.7508,0
BANK-ENTITY-GB,CP-0013,2026-09-28,92320465.08,287968231.3,0.3206,1.2824,1
BANK-ENTITY-GB,CP-0014,2026-09-28,40216453.6,287968231.3,0.1397,0.5586,0
BANK-ENTITY-GB,CP-0015,2026-09-28,37290104.01,287968231.3,0.1295,0.518,0
BANK-ENTITY-GB,CP-0016,2026-09-28,11076687.92,287968231.3,0.0385,0.1539,0
BANK-ENTITY-GB,CP-0017,2026-09-28,13086938.39,287968231.3,0.0454,0.1818,0
BANK-ENTITY-GB,CP-0018,2026-09-28,117524080.13,287968231.3,0.4081,1.6325,1
BANK-ENTITY-GB,CP-0019,2026-09-28,93685440.94,287968231.3,0.3253,1.3013,1
BANK-ENTITY-GB,CP-0020,2026-09-28,74590482.3,287968231.3,0.259,1.0361,1
BANK-ENTITY-GB,CP-0021,2026-09-28,30733869.12,287968231.3,0.1067,0.4269,0
BANK-ENTITY-GB,CP-0022,2026-09-28,35345865.61,287968231.3,0.1227,0.491,0
BANK-ENTITY-GB,CP-0023,2026-09-28,34895240.34,287968231.3,0.1212,0.4847,0
BANK-ENTITY-GB,CP-0024,2026-09-28,49000683.08,287968231.3,0.1702,0.6806,0
BANK-ENTITY-GB,CP-0025,2026-09-28,19172199.8,287968231.3,0.0666,0.2663,0
BANK-ENTITY-GB,CP-0026,2026-09-28,53170179.35,287968231.3,0.1846,0.7386,0
BANK-ENTITY-GB,CP-0027,2026-09-28,81282355.74,287968231.3,0.2823,1.129,1
BANK-ENTITY-GB,CP-0028,2026-09-28,46219472.24,287968231.3,0.1605,0.642,0
BANK-ENTITY-GB,CP-0029,2026-09-28,57970557.85,287968231.3,0.2013,0.8052,0
BANK-ENTITY-GB,CP-0030,2026-09-28,71217545.09,287968231.3,0.2473,0.9892,0
BANK-ENTITY-GB,CP-0031,2026-09-28,71745095.1,287968231.3,0.2491,0.9966,0
BANK-ENTITY-GB,CP-0032,2026-09-28,91076957.86,287968231.3,0.3163,1.2651,1
BANK-ENTITY-GB,CP-0033,2026-09-28,99276119.94,287968231.3,0.3447,1.379,1
BANK-ENTITY-GB,CP-0034,2026-09-28,43628022.87,287968231.3,0.1515,0.606,0
BANK-ENTITY-GB,CP-0035,2026-09-28,79517268.39,287968231.3,0.2761,1.1045,1
BANK-ENTITY-GB,CP-0036,2026-09-28,109771965.22,287968231.3,0.3812,1.5248,1
BANK-ENTITY-GB,CP-0037,2026-09-28,90084443.69,287968231.3,0.3128,1.2513,1
BANK-ENTITY-GB,CP-0038,2026-09-28,22632529.16,287968231.3,0.0786,0.3144,0
BANK-ENTITY-GB,CP-0039,2026-09-28,11888312.07,287968231.3,0.0413,0.1651,0
NBFC-ENTITY-IN,CP-0000,2026-09-28,10293296.39,201902944.23,0.051,0.2039,0
NBFC-ENTITY-IN,CP-0001,2026-09-28,81264995.2,201902944.23,0.4025,1.61,1
NBFC-ENTITY-IN,CP-0002,2026-09-28,4275487.62,201902944.23,0.0212,0.0847,0
NBFC-ENTITY-IN,CP-0003,2026-09-28,77617901.59,201902944.23,0.3844,1.5377,1
NBFC-ENTITY-IN,CP-0004,2026-09-28,30646710.62,201902944.23,0.1518,0.6072,0
NBFC-ENTITY-IN,CP-0005,2026-09-28,46662264.71,201902944.23,0.2311,0.9244,0
NBFC-ENTITY-IN,CP-0006,2026-09-28,45224784.92,201902944.23,0.224,0.896,0
NBFC-ENTITY-IN,CP-0007,2026-09-28,27126751.34,201902944.23,0.1344,0.5374,0
NBFC-ENTITY-IN,CP-0008,2026-09-28,39340062.49,201902944.23,0.1948,0.7794,0
NBFC-ENTITY-IN,CP-0009,2026-09-28,57297679.51,201902944.23,0.2838,1.1352,1
NBFC-ENTITY-IN,CP-0010,2026-09-28,44263015.43,201902944.23,0.2192,0.8769,0
NBFC-ENTITY-IN,CP-0011,2026-09-28,35708278.72,201902944.23,0.1769,0.7074,0
NBFC-ENTITY-IN,CP-0012,2026-09-28,43290525.65,201902944.23,0.2144,0.8577,0
NBFC-ENTITY-IN,CP-0013,2026-09-28,58772899.37,201902944.23,0.2911,1.1644,1
NBFC-ENTITY-IN,CP-0014,2026-09-28,17846167.32,201902944.23,0.0884,0.3536,0
NBFC-ENTITY-IN,CP-0015,2026-09-28,4973905.27,201902944.23,0.0246,0.0985,0
NBFC-ENTITY-IN,CP-0016,2026-09-28,16963616.55,201902944.23,0.084,0.3361,0
NBFC-ENTITY-IN,CP-0017,2026-09-28,63327107.76,201902944.23,0.3137,1.2546,1
NBFC-ENTITY-IN,CP-0018,2026-09-28,29635582.87,201902944.23,0.1468,0.5871,0
NBFC-ENTITY-IN,CP-0019,2026-09-28,16148735.18,201902944.23,0.08,0.3199,0
NBFC-ENTITY-IN,CP-0020,2026-09-28,63221390.06,201902944.23,0.3131,1.2525,1
NBFC-ENTITY-IN,CP-0021,2026-09-28,47450353.19,201902944.23,0.235,0.9401,0
NBFC-ENTITY-IN,CP-0022,2026-09-28,39094723.61,201902944.23,0.1936,0.7745,0
NBFC-ENTITY-IN,CP-0023,2026-09-28,75675793.67,201902944.23,0.3748,1.4993,1
NBFC-ENTITY-IN,CP-0024,2026-09-28,51769755.1,201902944.23,0.2564,1.0256,1
NBFC-ENTITY-IN,CP-0025,2026-09-28,63304138.61,201902944.23,0.3135,1.2541,1
NBFC-ENTITY-IN,CP-0026,2026-09-28,81304848.18,201902944.23,0.4027,1.6108,1
NBFC-ENTITY-IN,CP-0027,2026-09-28,71658791.63,201902944.23,0.3549,1.4197,1
NBFC-ENTITY-IN,CP-0028,2026-09-28,18395410.41,201902944.23,0.0911,0.3644,0
NBFC-ENTITY-IN,CP-0029,2026-09-28,72544932.8,201902944.23,0.3593,1.4372,1
NBFC-ENTITY-IN,CP-0030,2026-09-28,25713005.03,201902944.23,0.1274,0.5094,0
NBFC-ENTITY-IN,CP-0031,2026-09-28,32214745.36,201902944.23,0.1596,0.6382,0
NBFC-ENTITY-IN,CP-0032,2026-09-28,8583150.31,201902944.23,0.0425,0.17,0
NBFC-ENTITY-IN,CP-0033,2026-09-28,67960290.71,201902944.23,0.3366,1.3464,1
NBFC-ENTITY-IN,CP-0034,2026-09-28,5121277.53,201902944.23,0.0254,0.1015,0
NBFC-ENTITY-IN,CP-0035,2026-09-28,66043163.16,201902944.23,0.3271,1.3084,1
NBFC-ENTITY-IN,CP-0036,2026-09-28,24320015.58,201902944.23,0.1205,0.4818,0
NBFC-ENTITY-IN,CP-0037,2026-09-28,44588326.79,201902944.23,0.2208,0.8834,0
NBFC-ENTITY-IN,CP-0038,2026-09-28,28011000.61,201902944.23,0.1387,0.5549,0
NBFC-ENTITY-IN,CP-0039,2026-09-28,9324243.36,201902944.23,0.0462,0.1847,0
