entity_id,report_date,hqla_total,net_cash_outflow_30d,lcr,available_stable_funding,required_stable_funding,nsfr,counterparty_concentration_pct
BANK-ENTITY-IN,2026-09-26,6495480.55,8789470.42,0.739,5207473.64,4418317.0,0.9455,0.0628
BANK-ENTITY-IN,2026-09-25,3807333.93,3036189.6,1.254,4672191.44,4285195.76,1.138,0.1752
BANK-ENTITY-IN,2026-09-24,4899574.89,3775347.9,1.2978,7160794.62,5017816.9,1.0087,0.2358
BANK-ENTITY-IN,2026-09-23,2482408.5,2536657.54,0.9786,3704246.9,3966759.27,1.0367,0.3181
BANK-ENTITY-IN,2026-09-22,3026853.37,3686958.8,0.821,6038140.32,3610258.63,1.0881,0.1139
BANK-ENTITY-IN,2026-09-21,4579499.86,4755420.04,0.963,5314690.53,3045772.73,0.9525,0.1026
BANK-ENTITY-IN,2026-09-20,5956715.47,7248698.77,0.8218,5835272.15,3404052.6,1.0234,0.151
BANK-ENTITY-IN,2026-09-19,3402612.07,4421944.59,0.7695,4728366.6,3154614.95,0.9615,0.21
BANK-ENTITY-IN,2026-09-18,5092358.12,7016061.05,0.7258,5889929.55,4957964.83,0.9969,0.0852
BANK-ENTITY-IN,2026-09-17,6217566.77,8459234.27,0.735,7009413.61,4103398.07,0.974,0.3146
BANK-ENTITY-IN,2026-09-16,5020480.42,4996465.96,1.0048,3322253.85,5835647.38,0.9909,0.3011
BANK-ENTITY-IN,2026-09-15,6318683.75,5740587.03,1.1007,4408213.96,6061305.87,1.1092,0.1465
BANK-ENTITY-IN,2026-09-14,4644708.72,3970606.54,1.1698,4616941.63,4892923.52,0.9413,0.1513
BANK-ENTITY-IN,2026-09-13,5513508.88,6671844.82,0.8264,7016152.48,5678220.51,1.2057,0.2554
BANK-ENTITY-IN,2026-09-12,5788424.38,6137271.29,0.9432,6659407.67,5362878.38,1.019,0.2315
BANK-ENTITY-IN,2026-09-11,4767362.51,4517195.74,1.0554,7019867.47,3752305.18,0.9972,0.3034
BANK-ENTITY-IN,2026-09-10,3533107.78,4455189.17,0.793,3872712.79,4740533.19,1.0785,0.0549
BANK-ENTITY-IN,2026-09-09,5603312.36,7794464.74,0.7189,7091827.73,5381391.84,1.0855,0.1234
BANK-ENTITY-IN,2026-09-08,3173931.63,4163311.06,0.7624,4838384.06,3106459.84,1.013,0.2752
BANK-ENTITY-IN,2026-09-07,4972264.38,5748490.01,0.865,4065925.92,4195108.74,1.158,0.2367
BANK-ENTITY-IN,2026-09-06,2678472.05,2578232.0,1.0389,6147001.0,4849810.94,0.9639,0.1
BANK-ENTITY-IN,2026-09-05,6192920.91,8781473.02,0.7052,5129856.61,6157293.41,0.9426,0.0562
BANK-ENTITY-IN,2026-09-04,4827245.65,6364425.01,0.7585,6872264.89,6523681.37,1.1703,0.2599
BANK-ENTITY-IN,2026-09-03,2754637.13,2099967.7,1.3118,4677252.46,3411163.5,1.0763,0.0971
BANK-ENTITY-IN,2026-09-02,2878906.75,3606990.27,0.7981,3665992.39,6903477.95,1.0538,0.2197
BANK-ENTITY-IN,2026-09-01,3286617.64,3850125.3,0.8536,3288040.47,4208276.5,1.1257,0.0672
BANK-ENTITY-IN,2026-08-31,2425447.81,3262375.62,0.7435,6319824.35,4248934.9,1.1215,0.2962
BANK-ENTITY-IN,2026-08-30,4361594.69,5743699.35,0.7594,5293679.11,6276394.41,1.1135,0.2606
BANK-ENTITY-IN,2026-08-29,5663876.07,5131493.12,1.1037,6944589.37,4358729.42,1.0484,0.1557
BANK-ENTITY-IN,2026-08-28,3528258.42,3483049.36,1.013,4701357.93,5878684.92,1.0006,0.3383
BANK-ENTITY-GB,2026-09-26,3549448.84,4800346.03,0.7394,4268010.72,6349774.02,1.072,0.1615
BANK-ENTITY-GB,2026-09-25,3140369.42,3965844.51,0.7919,7237443.64,4832167.53,1.1229,0.0556
BANK-ENTITY-GB,2026-09-24,5923652.23,7242990.55,0.8178,3296394.67,6282762.27,0.986,0.3324
BANK-ENTITY-GB,2026-09-23,3241295.35,3128488.22,1.0361,6335618.04,5305252.65,1.105,0.1024
BANK-ENTITY-GB,2026-09-22,4779779.58,6726901.04,0.7105,5593472.58,5162221.58,1.1595,0.2915
BANK-ENTITY-GB,2026-09-21,4761911.88,3699411.07,1.2872,3467338.28,6488037.35,1.1062,0.1885
BANK-ENTITY-GB,2026-09-20,5346008.79,5542966.66,0.9645,7136330.68,5504259.13,1.1007,0.1238
BANK-ENTITY-GB,2026-09-19,4663176.4,5616114.44,0.8303,4927551.64,3587649.45,0.9565,0.3155
BANK-ENTITY-GB,2026-09-18,5251770.83,4269175.48,1.2302,3538369.34,3362567.95,0.9948,0.1163
BANK-ENTITY-GB,2026-09-17,2724888.77,2517764.35,1.0823,7030416.72,3902353.63,1.0214,0.0512
BANK-ENTITY-GB,2026-09-16,3222694.17,2469558.38,1.305,4965138.07,4304211.18,1.082,0.2487
BANK-ENTITY-GB,2026-09-15,4979905.61,6797362.12,0.7326,4969220.61,5568501.72,1.178,0.0776
BANK-ENTITY-GB,2026-09-14,3816567.55,5045907.87,0.7564,3735542.91,3390801.22,1.1952,0.0449
BANK-ENTITY-GB,2026-09-13,4460553.44,3708992.76,1.2026,7275873.28,5152343.75,1.0435,0.3134
BANK-ENTITY-GB,2026-09-12,5842440.99,5263592.44,1.11,7304000.87,4797630.98,1.1981,0.1745
BANK-ENTITY-GB,2026-09-11,2993911.28,2619286.6,1.143,7227698.6,6538732.07,1.187,0.1645
BANK-ENTITY-GB,2026-09-10,5387267.76,7407011.44,0.7273,4498330.38,3670703.17,1.0629,0.2724
BANK-ENTITY-GB,2026-09-09,4594200.68,6104598.82,0.7526,4058333.17,6270631.2,1.1116,0.2225
BANK-ENTITY-GB,2026-09-08,4041301.57,5080194.76,0.7955,6254767.43,3861151.9,1.1928,0.3022
BANK-ENTITY-GB,2026-09-07,3042010.88,3020089.2,1.0073,3819233.71,5475523.59,1.1972,0.2665
BANK-ENTITY-GB,2026-09-06,2744640.56,3872772.23,0.7087,7143960.61,6534541.39,1.0378,0.0674
BANK-ENTITY-GB,2026-09-05,3477362.56,4572466.73,0.7605,5450322.85,5943368.26,0.9316,0.0738
BANK-ENTITY-GB,2026-09-04,2703543.28,3184648.75,0.8489,6495949.02,3865593.13,1.148,0.1988
BANK-ENTITY-GB,2026-09-03,6279467.0,6226178.96,1.0086,5287929.0,6813038.95,1.1437,0.2852
BANK-ENTITY-GB,2026-09-02,3505484.06,3833378.89,0.9145,4540611.71,3808581.53,1.0529,0.1465
BANK-ENTITY-GB,2026-09-01,4890690.9,6683001.05,0.7318,3915229.21,3797423.64,1.0184,0.1906
BANK-ENTITY-GB,2026-08-31,5792512.05,7916372.31,0.7317,4571222.1,4246050.0,1.0396,0.2413
BANK-ENTITY-GB,2026-08-30,3487470.2,4551915.26,0.7662,3818352.69,4500673.11,1.0643,0.2482
BANK-ENTITY-GB,2026-08-29,3099642.5,3068624.58,1.0101,6975270.85,6545059.46,1.0513,0.2822
BANK-ENTITY-GB,2026-08-28,2528276.94,3288119.72,0.7689,7195879.51,6316809.22,1.203,0.301
NBFC-ENTITY-IN,2026-09-26,5213871.03,5648001.56,0.9231,4701030.91,5287050.7,1.065,0.23
NBFC-ENTITY-IN,2026-09-25,2769069.27,3240854.0,0.8544,6197867.61,5036557.03,1.1746,0.194
NBFC-ENTITY-IN,2026-09-24,4883154.87,6420275.08,0.7606,5460543.55,5294997.94,1.1649,0.1469
NBFC-ENTITY-IN,2026-09-23,4494130.23,3913897.74,1.1482,3189395.2,4402567.91,1.11,0.1031
NBFC-ENTITY-IN,2026-09-22,4262479.21,5338772.82,0.7984,4783418.75,6990133.73,0.9741,0.2796
NBFC-ENTITY-IN,2026-09-21,5642233.76,7038519.83,0.8016,7183881.77,6227277.21,1.1923,0.081
NBFC-ENTITY-IN,2026-09-20,5555677.5,5251343.99,1.058,7073695.69,6025691.42,0.9444,0.0413
NBFC-ENTITY-IN,2026-09-19,4786294.38,6185095.3,0.7738,4850093.31,3084422.31,1.1026,0.1525
NBFC-ENTITY-IN,2026-09-18,6352297.29,7331907.02,0.8664,3922382.25,4257571.1,1.0,0.2727
NBFC-ENTITY-IN,2026-09-17,3674369.0,3092332.45,1.1882,4764171.73,5607897.58,1.043,0.2565
NBFC-ENTITY-IN,2026-09-16,6636363.94,6631258.3,1.0008,6853900.04,6462924.15,0.9931,0.0618
NBFC-ENTITY-IN,2026-09-15,3959936.25,4918336.79,0.8051,6936425.2,4269258.02,1.154,0.1589
NBFC-ENTITY-IN,2026-09-14,5373490.43,7370953.75,0.729,6262237.24,4482918.86,1.1521,0.1606
NBFC-ENTITY-IN,2026-09-13,2401774.32,3259601.3,0.7368,3512446.51,4874374.48,1.0902,0.1435
NBFC-ENTITY-IN,2026-09-12,4428951.21,5257470.14,0.8424,3208571.26,6934139.33,0.9648,0.1562
NBFC-ENTITY-IN,2026-09-11,4485958.66,4081786.13,1.099,6482761.98,3809109.62,1.0557,0.2543
NBFC-ENTITY-IN,2026-09-10,3945373.27,4701986.22,0.8391,4359826.98,4248301.24,1.1938,0.2426
NBFC-ENTITY-IN,2026-09-09,5207973.37,6335507.97,0.822,4266519.07,6028758.91,1.1149,0.0865
NBFC-ENTITY-IN,2026-09-08,5325764.12,5173066.85,1.0295,4810063.49,6305933.98,0.9345,0.3288
NBFC-ENTITY-IN,2026-09-07,3552582.98,3789871.66,0.9374,3730332.17,6362208.73,1.098,0.2656
NBFC-ENTITY-IN,2026-09-06,3234214.52,3415224.34,0.947,6151929.71,3353634.78,1.0686,0.1918
NBFC-ENTITY-IN,2026-09-05,6590929.08,8861175.65,0.7438,4026855.99,5081923.5,1.1494,0.19
NBFC-ENTITY-IN,2026-09-04,5905006.43,4314195.24,1.3687,5443687.4,6088353.67,1.1591,0.2294
NBFC-ENTITY-IN,2026-09-03,4705733.33,4064186.46,1.1579,4413003.45,3432761.39,0.9725,0.088
NBFC-ENTITY-IN,2026-09-02,3395085.5,3341759.9,1.016,4984848.25,5385095.95,0.9655,0.1265
NBFC-ENTITY-IN,2026-09-01,5727025.61,7232956.87,0.7918,4416967.49,4668098.09,1.105,0.1079
NBFC-ENTITY-IN,2026-08-31,3849640.59,4847833.16,0.7941,7025297.0,3617720.32,1.1979,0.1865
NBFC-ENTITY-IN,2026-08-30,5260683.57,7218002.54,0.7288,4679165.64,3455917.69,1.0885,0.1375
NBFC-ENTITY-IN,2026-08-29,5585262.46,5871388.13,0.9513,7374846.0,3137764.58,1.1617,0.1136
NBFC-ENTITY-IN,2026-08-28,4400190.65,5738719.15,0.7668,6627364.38,3087835.28,0.9569,0.2564
